Arrival_Date,log_ret,log_return_lag1,vol_7,vol_7_lag1,vol_30,vol_30_lag1,rainfall_7d,rainfall_7d_lag1,festival_window,days_since_last_arrival,is_price_jump,price_momentum_7,price_momentum_3,month_sin,month_cos,dow_sin,dow_cos,govt_window,govt_none,govt_buffer_operations,govt_export_restriction,govt_farmer_actions,govt_import_support,govt_market_intervention,govt_procurement_support,govt_stock_limit_actions
2025-01-01,0.0,0.0,0.0,0.0,0.0,0.0,0.0,0.0,0,0,0,0.0,0.0,0.0,1.0,0.9749279121818236,-0.22252093395631434,1,0,0,0,1,0,0,0,0
2025-01-02,-0.020610787306859404,0.0,0.0,0.0,0.0,0.0,0.0,0.0,0,0,1,-0.020610787306859404,-0.020610787306859404,0.0,1.0,0.43388373911755823,-0.900968867902419,1,0,0,0,1,0,0,0,0
2025-01-03,-0.0004165798852162468,-0.020610787306859404,0.011781228753103466,0.0,0.0,0.0,0.0,0.0,0,0,1,-0.021027367192075652,-0.021027367192075652,0.0,1.0,-0.433883739117558,-0.9009688679024191,0,0,0,0,0,0,0,0,0
2025-01-04,0.0408219945202552,-0.0004165798852162468,0.025777616330553987,0.011781228753103466,0.0,0.0,0.0,0.0,0,0,1,0.019794627328179548,0.019794627328179548,0.0,1.0,-0.9749279121818236,-0.2225209339563146,0,0,0,0,0,0,0,0,0
2025-01-05,0.0,0.0408219945202552,0.022433501034216697,0.025777616330553987,0.0,0.0,0.0,0.0,0,0,0,0.019794627328179548,0.04040541463503895,0.0,1.0,-0.7818314824680299,0.6234898018587334,0,0,0,0,0,0,0,0,0
2025-01-06,0.0,0.0,0.02013012063373784,0.022433501034216697,0.0,0.0,0.0,0.0,0,0,0,0.019794627328179548,0.0408219945202552,0.0,1.0,0.0,1.0,0,0,0,0,0,0,0,0,0
2025-01-07,-0.040821994520255166,0.0,0.02481492915996892,0.02013012063373784,0.02481492915996892,0.0,0.0,0.0,0,0,0,-0.021027367192075617,-0.040821994520255166,0.0,1.0,0.7818314824680298,0.6234898018587336,0,0,0,0,0,0,0,0,0
2025-01-08,-0.02062796779596745,-0.040821994520255166,0.02561080706264641,0.02481492915996892,0.023804158562869285,0.02481492915996892,0.0,0.0,0,0,0,-0.041655334988043066,-0.061449962316222614,0.0,1.0,0.9749279121818236,-0.22252093395631434,0,0,0,0,0,0,0,0,0
2025-01-09,-0.06638340919366227,-0.02062796779596745,0.03433502686824574,0.02561080706264641,0.0301935187785525,0.023804158562869285,0.0,0.0,0,0,1,-0.08742795687484593,-0.12783337150988489,0.0,1.0,0.43388373911755823,-0.900968867902419,0,0,0,0,0,0,0,0,0
2025-01-10,-0.1466034741918754,-0.06638340919366227,0.06036163548954543,0.03433502686824574,0.05120593644436981,0.0301935187785525,0.0,0.0,0,0,1,-0.23361485118150507,-0.2336148511815051,0.0,1.0,-0.433883739117558,-0.9009688679024191,0,0,0,0,0,0,0,0,0
2025-01-11,-0.06524052186840097,-0.1466034741918754,0.05125857732854844,0.06036163548954543,0.050036739704571495,0.05120593644436981,0.0,0.0,0,0,0,-0.33967736757016126,-0.27822740525393863,0.0,1.0,-0.9749279121818236,-0.2225209339563146,0,0,0,0,0,0,0,0,0
2025-01-12,0.0,-0.06524052186840097,0.05125857732854844,0.05125857732854844,0.048441100458929826,0.050036739704571495,0.0,0.0,0,0,0,-0.3396773675701612,-0.21184399606027637,0.0,1.0,-0.7818314824680299,0.6234898018587334,0,0,0,0,0,0,0,0,0
2025-01-13,0.09172869733698046,0.0,0.07289160279946226,0.05125857732854844,0.0568250256516317,0.048441100458929826,0.1,0.0,0,0,0,-0.24794867023318076,0.026488175468579483,0.0,1.0,0.0,1.0,0,0,0,0,0,0,0,0,0
2025-01-14,0.024805118918971192,0.09172869733698046,0.07622541846997714,0.07289160279946226,0.05575691976623136,0.0568250256516317,0.1,0.1,0,0,0,-0.18232155679395443,0.11653381625595165,0.0,1.0,0.7818314824680298,0.6234898018587336,0,0,0,0,0,0,0,0,0
2025-01-15,0.0,0.024805118918971192,0.07686583048523306,0.07622541846997714,0.053859441288739145,0.05575691976623136,0.2,0.1,0,0,0,-0.16169358899798697,0.11653381625595165,0.0,1.0,0.9749279121818236,-0.22252093395631434,0,0,0,0,0,0,0,0,0
2025-01-16,0.0,0.0,0.0747001043658443,0.07686583048523306,0.05214342193100238,0.053859441288739145,0.2,0.2,0,0,0,-0.09531017980432471,0.024805118918971192,0.0,1.0,0.43388373911755823,-0.900968867902419,0,0,0,0,0,0,0,0,0
2025-01-17,0.07232066157962608,0.0,0.052174604126785165,0.0747001043658443,0.0545371677723357,0.05214342193100238,0.2,0.2,0,0,0,0.12361395596717675,0.07232066157962608,0.0,1.0,-0.433883739117558,-0.9009688679024191,0,0,0,0,0,0,0,0,0
2025-01-18,0.04590671978502372,0.07232066157962608,0.03762510878293247,0.052174604126785165,0.05439703615202558,0.0545371677723357,0.2,0.2,0,0,0,0.23476119762060146,0.1182273813646498,0.0,1.0,-0.9749279121818236,-0.2225209339563146,0,0,0,0,0,0,0,0,0
2025-01-19,0.0,0.04590671978502372,0.03762510878293247,0.03762510878293247,0.05287554801724573,0.05439703615202558,0.2,0.2,0,0,0,0.23476119762060144,0.1182273813646498,0.0,1.0,-0.7818314824680299,0.6234898018587334,0,0,0,0,0,0,0,0,0
2025-01-20,0.10491616994955996,0.0,0.041186066908092483,0.03762510878293247,0.05698290934065357,0.05287554801724573,0.1,0.2,0,0,0,0.24794867023318096,0.1508228897345837,0.0,1.0,0.0,1.0,0,0,0,0,0,0,0,0,0
2025-01-21,-0.040821994520255166,0.10491616994955996,0.05043611014886961,0.041186066908092483,0.05628452674212225,0.05698290934065357,0.1,0.1,0,0,0,0.1823215567939546,0.06409417542930479,0.0,1.0,0.7818314824680298,0.6234898018587336,0,0,0,0,0,0,0,0,0
2025-01-22,-0.04255961441879589,-0.040821994520255166,0.05632107059053397,0.05043611014886961,0.055638094180710015,0.05628452674212225,0.0,0.1,0,0,0,0.1397619423751587,0.021534561010508907,0.0,1.0,0.9749279121818236,-0.22252093395631434,0,0,0,0,0,0,0,0,0
2025-01-23,0.021931646622828347,-0.04255961441879589,0.05563105705107359,0.05632107059053397,0.05460473241405997,0.055638094180710015,0.0,0.0,0,0,0,0.16169358899798705,-0.06144996231622271,0.0,1.0,0.43388373911755823,-0.900968867902419,0,0,0,0,0,0,0,0,0
2025-01-24,0.02062796779596755,0.021931646622828347,0.05126808017564905,0.05563105705107359,0.05360054421219762,0.05460473241405997,0.0,0.0,0,0,0,0.11000089521432853,6.938893903907228e-18,0.0,1.0,-0.433883739117558,-0.9009688679024191,0,0,0,0,0,0,0,0,0
2025-01-25,0.010362787035546658,0.02062796779596755,0.049509391752183635,0.05126808017564905,0.05252010835723888,0.05360054421219762,0.0,0.0,0,0,0,0.07445696246485148,0.05292240145434256,0.0,1.0,-0.9749279121818236,-0.2225209339563146,0,0,0,0,0,0,0,0,0
2025-01-26,0.0,0.010362787035546658,0.049509391752183635,0.049509391752183635,0.051459054689649376,0.05252010835723888,0.0,0.0,0,0,0,0.07445696246485148,0.030990754831514207,0.0,1.0,-0.7818314824680299,0.6234898018587334,0,0,0,0,0,0,0,0,0
2025-01-27,-0.022941569242406732,0.0,0.027720604804934653,0.049509391752183635,0.05064572237033635,0.051459054689649376,0.0,0.0,0,0,0,-0.05340077672711522,-0.012578782206860074,0.0,1.0,0.0,1.0,0,0,0,0,0,0,0,0,0
2025-01-28,0.012578782206860185,-0.022941569242406732,0.024185945211742766,0.027720604804934653,0.04976760153133923,0.05064572237033635,0.0,0.0,0,0,0,1.3183898417423734e-16,-0.010362787035546547,0.0,1.0,0.7818314824680298,0.6234898018587336,0,0,0,0,0,0,0,0,0
2025-01-29,-0.04255961441879589,0.012578782206860185,0.024185945211742766,0.024185945211742766,0.04948364446682121,0.04976760153133923,0.0,0.0,0,0,0,1.3183898417423734e-16,-0.05292240145434243,0.0,1.0,0.9749279121818236,-0.22252093395631434,1,0,0,1,0,0,0,0,0
2025-01-30,0.021931646622828347,-0.04255961441879589,0.024185945211742766,0.024185945211742766,0.0488220740288069,0.04948364446682121,0.0,0.0,0,0,0,1.3183898417423734e-16,-0.00804918558910736,0.0,1.0,0.43388373911755823,-0.900968867902419,1,0,0,1,0,0,0,0,0
2025-01-31,-0.04391055334160372,0.021931646622828347,0.02713347189972084,0.024185945211742766,0.04943340255127584,0.0488220740288069,0.0,0.0,0,0,0,-0.06453852113757114,-0.06453852113757128,0.0,1.0,-0.433883739117558,-0.9009688679024191,1,0,0,1,0,0,0,0,0
2025-02-01,-0.06899287148695143,-0.04391055334160372,0.033434210802944335,0.02713347189972084,0.050802990399440445,0.04943340255127584,0.0,0.0,0,0,0,-0.14389417966006923,-0.09097177820572683,0.49999999999999994,0.8660254037844387,-0.9749279121818236,-0.2225209339563146,1,0,0,1,0,0,0,0,0
2025-02-02,0.0,-0.06899287148695143,0.033434210802944335,0.033434210802944335,0.0508041920110195,0.050802990399440445,0.0,0.0,0,0,0,-0.14389417966006923,-0.11290342482855517,0.49999999999999994,0.8660254037844387,-0.7818314824680299,0.6234898018587334,1,0,0,1,0,0,0,0,0
2025-02-03,0.0,0.0,0.03427526623241698,0.033434210802944335,0.050091477555758074,0.0508041920110195,0.0,0.0,0,0,0,-0.1209526104176625,-0.06899287148695145,0.49999999999999994,0.8660254037844387,0.0,1.0,1,0,0,1,0,0,0,0,0
2025-02-04,0.07784248676393393,0.0,0.04932356999112746,0.03427526623241698,0.05236733824265414,0.050091477555758074,0.0,0.0,0,0,0,-0.05568890586058875,0.07784248676393392,0.49999999999999994,0.8660254037844387,0.7818314824680298,0.6234898018587336,1,0,0,1,0,0,0,0,0
2025-02-05,0.05568890586058863,0.07784248676393393,0.051754383074541596,0.04932356999112746,0.05346090746478871,0.05236733824265414,0.0,0.0,0,0,0,0.04255961441879577,0.13353139262452254,0.49999999999999994,0.8660254037844387,0.9749279121818236,-0.22252093395631434,0,0,0,0,0,0,0,0,0
2025-02-06,-0.012578782206860073,0.05568890586058863,0.05163627621350046,0.051754383074541596,0.05298863064656949,0.05346090746478871,0.0,0.0,0,0,0,0.008049185589107352,0.12095261041766248,0.49999999999999994,0.8660254037844387,0.43388373911755823,-0.900968867902419,0,0,0,0,0,0,0,0,0
2025-02-07,0.012578782206860185,-0.012578782206860073,0.04768323131368044,0.05163627621350046,0.05289868569064169,0.05298863064656949,0.0,0.0,0,0,0,0.06453852113757126,0.05568890586058873,0.49999999999999994,0.8660254037844387,-0.433883739117558,-0.9009688679024191,0,0,0,0,0,0,0,0,0
2025-02-08,0.02102736719207558,0.012578782206860185,0.032930934399304196,0.04768323131368044,0.0514648709788922,0.05289868569064169,0.0,0.0,0,0,0,0.15455875981659825,0.02102736719207568,0.49999999999999994,0.8660254037844387,-0.9749279121818236,-0.2225209339563146,0,0,0,0,0,0,0,0,0
2025-02-09,0.0,0.02102736719207558,0.032930934399304196,0.032930934399304196,0.04296969011351354,0.0514648709788922,0.0,0.0,0,0,0,0.15455875981659828,0.033606149398935754,0.49999999999999994,0.8660254037844387,-0.7818314824680299,0.6234898018587334,0,0,0,0,0,0,0,0,0
2025-02-10,0.0,0.0,0.032930934399304196,0.032930934399304196,0.040700630267315754,0.04296969011351354,0.0,0.0,0,0,0,0.15455875981659828,0.02102736719207557,0.49999999999999994,0.8660254037844387,0.0,1.0,0,0,0,0,0,0,0,0,0
2025-02-11,0.0,0.0,0.022431697897158914,0.032930934399304196,0.040700630267315754,0.040700630267315754,0.0,0.0,0,0,0,0.07671627305266435,0.0,0.49999999999999994,0.8660254037844387,0.7818314824680298,0.6234898018587336,0,0,0,0,0,0,0,0,0
2025-02-12,0.0967556684643078,0.0,0.03682939562034388,0.022431697897158914,0.04105469782188211,0.040700630267315754,0.0,0.0,0,0,1,0.11778303565638351,0.09675566846430779,0.49999999999999994,0.8660254037844387,0.9749279121818236,-0.22252093395631434,0,0,0,0,0,0,0,0,0
2025-02-13,0.07145896398214505,0.0967556684643078,0.039263245850715923,0.03682939562034388,0.04246180539122965,0.04105469782188211,0.0,0.0,0,0,0,0.20182078184538862,0.16821463244645285,0.49999999999999994,0.8660254037844387,0.43388373911755823,-0.900968867902419,0,0,0,0,0,0,0,0,0
2025-02-14,0.06669137449867214,0.07145896398214505,0.04082588920130718,0.039263245850715923,0.043523524525828736,0.04246180539122965,0.0,0.0,0,0,0,0.2559333741372006,0.23490600694512498,0.49999999999999994,0.8660254037844387,-0.433883739117558,-0.9009688679024191,0,0,0,0,0,0,0,0,0
2025-02-15,-0.03278982282299084,0.06669137449867214,0.048571432889277906,0.04082588920130718,0.04430769059416859,0.043523524525828736,0.0,0.0,0,0,0,0.20211618412213417,0.10536051565782634,0.49999999999999994,0.8660254037844387,-0.9749279121818236,-0.2225209339563146,0,0,0,0,0,0,0,0,0
2025-02-16,0.0,-0.03278982282299084,0.048571432889277906,0.048571432889277906,0.04294433106897862,0.04430769059416859,0.0,0.0,0,0,0,0.20211618412213417,0.03390155167568129,0.49999999999999994,0.8660254037844387,-0.7818314824680299,0.6234898018587334,0,0,0,0,0,0,0,0,0
2025-02-17,-0.12405264866997888,0.0,0.07583914457800726,0.048571432889277906,0.04898125821382776,0.04294433106897862,0.0,0.0,0,0,1,0.07806353545215527,-0.15684247149296973,0.49999999999999994,0.8660254037844387,0.0,1.0,0,0,0,0,0,0,0,0,0
2025-02-18,0.0,-0.12405264866997888,0.07583914457800726,0.07583914457800726,0.04898125821382776,0.04898125821382776,0.0,0.0,0,0,0,0.07806353545215529,-0.1240526486699789,0.49999999999999994,0.8660254037844387,0.7818314824680298,0.6234898018587336,0,0,0,0,0,0,0,0,0
2025-02-19,-0.1265477488772702,0.0,0.08064238982651785,0.07583914457800726,0.05096141938720814,0.04898125821382776,0.0,0.0,0,0,1,-0.14523988188942272,-0.25060039754724905,0.49999999999999994,0.8660254037844387,0.9749279121818236,-0.22252093395631434,0,0,0,0,0,0,0,0,0
2025-02-20,-0.037081674904531924,-0.1265477488772702,0.06964278441400243,0.08064238982651785,0.05086835490880689,0.05096141938720814,0.0,0.0,0,0,0,-0.25378052077609964,-0.16362942378180212,0.49999999999999994,0.8660254037844387,0.43388373911755823,-0.900968867902419,0,0,0,0,0,0,0,0,0
2025-02-21,0.005540180375615351,-0.037081674904531924,0.05732284895510472,0.06964278441400243,0.050305721271958564,0.05086835490880689,0.0,0.0,0,0,0,-0.31493171489915645,-0.15808924340618677,0.49999999999999994,0.8660254037844387,-0.433883739117558,-0.9009688679024191,0,0,0,0,0,0,0,0,0
2025-02-22,0.005729411882615543,0.005540180375615351,0.060452633980727116,0.05732284895510472,0.050142770145399806,0.050305721271958564,0.0,0.0,0,0,0,-0.2764124801935501,-0.025812082646301058,0.49999999999999994,0.8660254037844387,-0.9749279121818236,-0.2225209339563146,0,0,0,0,0,0,0,0,0
2025-02-23,0.0,0.005729411882615543,0.060452633980727116,0.060452633980727116,0.049975870016842304,0.050142770145399806,0.0,0.0,0,0,0,-0.2764124801935501,0.011269592258230866,0.49999999999999994,0.8660254037844387,-0.7818314824680299,0.6234898018587334,0,0,0,0,0,0,0,0,0
2025-02-24,0.043008133170279454,0.0,0.054151556397193386,0.060452633980727116,0.050600790616196926,0.049975870016842304,0.0,0.0,0,0,0,-0.10935169835329173,0.048737545052894966,0.49999999999999994,0.8660254037844387,0.0,1.0,0,0,0,0,0,0,0,0,0
2025-02-25,0.009218586130617362,0.043008133170279454,0.05470406414150192,0.054151556397193386,0.05063309010347484,0.050600790616196926,0.0,0.0,0,0,0,-0.10013311222267438,0.052226719300896784,0.49999999999999994,0.8660254037844387,0.7818314824680298,0.6234898018587336,0,0,0,0,0,0,0,0,0
2025-02-26,0.0,0.009218586130617362,0.023357996756270354,0.05470406414150192,0.05045351851009021,0.05063309010347484,0.0,0.0,0,0,0,0.026414636654595817,0.052226719300896784,0.49999999999999994,0.8660254037844387,0.9749279121818236,-0.22252093395631434,0,0,0,0,0,0,0,0,0
2025-02-27,0.01161116092767784,0.0,0.01487248357293931,0.023357996756270354,0.05044576283774766,0.05045351851009021,0.0,0.0,0,0,0,0.07510747248680558,0.020829747058295173,0.49999999999999994,0.8660254037844387,0.43388373911755823,-0.900968867902419,0,0,0,0,0,0,0,0,0
2025-02-28,-0.04210261902111958,0.01161116092767784,0.02505726532064331,0.01487248357293931,0.05043242506842237,0.05044576283774766,0.0,0.0,0,0,0,0.02746467309007064,-0.030491458093441767,0.49999999999999994,0.8660254037844387,-0.433883739117558,-0.9009688679024191,0,0,0,0,0,0,0,0,0
2025-03-01,-0.01756904533584665,-0.04210261902111958,0.026294242612787306,0.02505726532064331,0.0503656132785571,0.05043242506842237,0.0,0.0,0,0,0,0.004166215871608453,-0.048060503429288415,0.8660254037844386,0.5000000000000001,-0.9749279121818236,-0.2225209339563146,0,0,0,0,0,0,0,0,0
2025-03-02,0.0,-0.01756904533584665,0.026294242612787306,0.026294242612787306,0.049707802492420516,0.0503656132785571,0.0,0.0,0,0,0,0.004166215871608452,-0.05967166435696626,0.8660254037844386,0.5000000000000001,-0.7818314824680299,0.6234898018587334,0,0,0,0,0,0,0,0,0
2025-03-03,-0.004385971943254329,0.0,0.01849950432823961,0.026294242612787306,0.04796144451345813,0.049707802492420516,0.0,0.0,0,0,0,-0.04322788924192533,-0.021955017279101006,0.8660254037844386,0.5000000000000001,0.0,1.0,0,0,0,0,0,0,0,0,0
2025-03-04,-0.022223136784710235,-0.004385971943254329,0.017947693520160218,0.01849950432823961,0.04817521785731445,0.04796144451345813,0.0,0.0,0,0,0,-0.07466961215725293,-0.02660910872796459,0.8660254037844386,0.5000000000000001,0.7818314824680298,0.6234898018587336,0,0,0,0,0,0,0,0,0
2025-03-05,0.03770703570998048,-0.022223136784710235,0.025677065099618323,0.017947693520160218,0.04861310182465292,0.04817521785731445,0.0,0.0,0,0,0,-0.03696257644727245,0.011097926982015886,0.8660254037844386,0.5000000000000001,0.9749279121818236,-0.22252093395631434,0,0,0,0,0,0,0,0,0
2025-03-06,-0.008912133762035703,0.03770703570998048,0.024574932251726484,0.025677065099618323,0.04655562583568919,0.04861310182465292,0.0,0.0,0,0,0,-0.057485871136985986,0.006571765163234511,0.8660254037844386,0.5000000000000001,0.43388373911755823,-0.900968867902419,0,0,0,0,0,0,0,0,0
2025-03-07,-0.006571765163234502,-0.008912133762035703,0.019567619010173315,0.024574932251726484,0.045373732875667996,0.04655562583568919,0.0,0.0,0,0,0,-0.021955017279100916,0.022223136784710246,0.8660254037844386,0.5000000000000001,-0.433883739117558,-0.9009688679024191,0,0,0,0,0,0,0,0,0
2025-03-08,-0.1670540846631662,-0.006571765163234502,0.06553090014342311,0.019567619010173315,0.05449045118392087,0.045373732875667996,0.0,0.0,0,0,1,-0.17144005660642048,-0.18253798358843643,0.8660254037844386,0.5000000000000001,-0.9749279121818236,-0.2225209339563146,0,0,0,0,0,0,0,0,0
2025-03-09,0.0,-0.1670540846631662,0.06553090014342311,0.06553090014342311,0.054383432220517496,0.05449045118392087,0.0,0.0,0,0,0,-0.17144005660642048,-0.17362584982640075,0.8660254037844386,0.5000000000000001,-0.7818314824680299,0.6234898018587334,0,0,0,0,0,0,0,0,0
2025-03-10,-0.0953101798043249,0.0,0.06975651425498884,0.06553090014342311,0.05640048066438689,0.054383432220517496,0.0,0.0,0,0,0,-0.26236426446749106,-0.2623642644674911,0.8660254037844386,0.5000000000000001,0.0,1.0,0,0,0,0,0,0,0,0,0
2025-03-11,-0.06644509940815274,-0.0953101798043249,0.07014581249043836,0.06975651425498884,0.0572426561495162,0.05640048066438689,0.0,0.0,0,0,0,-0.3065862270909335,-0.16175527921247768,0.8660254037844386,0.5000000000000001,0.7818314824680298,0.6234898018587336,0,0,0,0,0,0,0,0,0
2025-03-12,-0.11473425280702489,-0.06644509940815274,0.0640204622330425,0.07014581249043836,0.06007611932090097,0.0572426561495162,0.0,0.0,0,0,0,-0.45902751560793886,-0.27648953201950255,0.8660254037844386,0.5000000000000001,0.9749279121818236,-0.22252093395631434,0,0,0,0,0,0,0,0,0
2025-03-13,0.0,-0.11473425280702489,0.06540868639778667,0.0640204622330425,0.06007611932090097,0.06007611932090097,0.0,0.0,0,0,0,-0.45011538184590316,-0.18117935221517767,0.8660254037844386,0.5000000000000001,0.43388373911755823,-0.900968867902419,0,0,0,0,0,0,0,0,0
2025-03-14,0.0,0.0,0.06641482966153044,0.06540868639778667,0.05621684246859679,0.06007611932090097,0.0,0.0,0,0,0,-0.44354361668266873,-0.11473425280702491,0.8660254037844386,0.5000000000000001,-0.433883739117558,-0.9009688679024191,0,0,0,0,0,0,0,0,0
2025-03-15,0.0,0.0,0.051221752104100515,0.06641482966153044,0.05364125207990956,0.05621684246859679,0.0,0.0,0,0,0,-0.27648953201950255,0.0,0.8660254037844386,0.5000000000000001,-0.9749279121818236,-0.2225209339563146,0,0,0,0,0,0,0,0,0
2025-03-16,0.0,0.0,0.051221752104100515,0.051221752104100515,0.05112422260557536,0.05364125207990956,0.0,0.0,0,1,0,-0.27648953201950255,0.0,0.8660254037844386,0.5000000000000001,-0.7818314824680299,0.6234898018587334,0,0,0,0,0,0,0,0,0
2025-03-17,0.0,0.0,0.04634917740799512,0.051221752104100515,0.05130431872780694,0.05112422260557536,0.0,0.0,0,0,0,-0.18117935221517759,0.0,0.8660254037844386,0.5000000000000001,0.0,1.0,0,0,0,0,0,0,0,0,0
2025-03-18,0.09305102118653716,0.0,0.0602152738580895,0.04634917740799512,0.05545090295359939,0.05130431872780694,0.0,0.0,0,0,0,-0.0216832316204877,0.09305102118653713,0.8660254037844386,0.5000000000000001,0.7818314824680298,0.6234898018587336,0,0,0,0,0,0,0,0,0
2025-03-19,0.0,0.09305102118653716,0.03516998018573998,0.0602152738580895,0.05201249230284688,0.05545090295359939,0.0,0.0,0,0,0,0.09305102118653719,0.09305102118653713,0.8660254037844386,0.5000000000000001,0.9749279121818236,-0.22252093395631434,1,0,0,0,0,0,0,1,0
2025-03-20,-0.09127954153815517,0.0,0.05321340517441422,0.03516998018573998,0.053642031140716896,0.05201249230284688,0.0,0.0,0,0,0,0.001771479648382021,0.0017714796483819656,0.8660254037844386,0.5000000000000001,0.43388373911755823,-0.900968867902419,1,0,0,0,0,0,0,1,0
2025-03-21,-0.06018224180479651,-0.09127954153815517,0.05791509162553978,0.05321340517441422,0.05035629765072256,0.053642031140716896,0.0,0.0,0,0,0,-0.05841076215641449,-0.1514617833429517,0.8660254037844386,0.5000000000000001,-0.433883739117558,-0.9009688679024191,1,0,0,0,0,0,0,1,0
2025-03-22,-0.005655057483344988,-0.06018224180479651,0.0578186563257699,0.05791509162553978,0.05026383519349584,0.05035629765072256,0.0,0.0,0,0,0,-0.06406581963975948,-0.1571168408262967,0.8660254037844386,0.5000000000000001,-0.9749279121818236,-0.2225209339563146,1,0,0,0,0,0,0,1,0
2025-03-23,0.0,-0.005655057483344988,0.0578186563257699,0.0578186563257699,0.05018999145330241,0.05026383519349584,0.0,0.0,0,0,0,-0.06406581963975948,-0.06583729928814153,0.8660254037844386,0.5000000000000001,-0.7818314824680299,0.6234898018587334,1,0,0,0,0,0,0,1,0
2025-03-24,0.083381608939051,0.0,0.06775387061620416,0.0578186563257699,0.05329487581375395,0.05018999145330241,0.0,0.0,0,0,0,0.019315789299291522,0.07772655145570598,0.8660254037844386,0.5000000000000001,0.0,1.0,1,0,0,0,0,0,0,1,0
2025-03-25,0.02609142171148864,0.083381608939051,0.056708046916961435,0.06775387061620416,0.053744714615010646,0.05329487581375395,0.0,0.0,0,0,0,-0.047643810175757,0.10947303065053961,0.8660254037844386,0.5000000000000001,0.7818314824680298,0.6234898018587336,1,0,0,0,0,0,0,1,0
2025-03-26,-0.010218072555198502,0.02609142171148864,0.05663511168999829,0.056708046916961435,0.05269073033812138,0.053744714615010646,0.0,0.0,0,0,0,-0.0578618827309555,0.09925495809534111,0.8660254037844386,0.5000000000000001,0.9749279121818236,-0.22252093395631434,0,0,0,0,0,0,0,0,0
2025-03-27,-0.03341765880719964,-0.010218072555198502,0.045658671733637156,0.05663511168999829,0.052588400569274774,0.05269073033812138,0.0,0.0,0,0,0,2.0816681711721685e-17,-0.017544309650909536,0.8660254037844386,0.5000000000000001,0.43388373911755823,-0.900968867902419,0,0,0,0,0,0,0,0,0
2025-03-28,0.0,-0.03341765880719964,0.03734739837912904,0.045658671733637156,0.052588400569274774,0.052588400569274774,0.0,0.0,1,0,0,0.06018224180479653,-0.04363573136239818,0.8660254037844386,0.5000000000000001,-0.433883739117558,-0.9009688679024191,1,0,0,0,0,0,0,1,0
2025-03-29,0.0,0.0,0.03704767760990356,0.03734739837912904,0.05241702141143838,0.052588400569274774,0.0,0.0,1,0,0,0.06583729928814153,-0.03341765880719967,0.8660254037844386,0.5000000000000001,-0.9749279121818236,-0.2225209339563146,1,0,0,0,0,0,0,1,0
2025-03-30,0.0,0.0,0.03704767760990356,0.03704767760990356,0.052281349462000186,0.05241702141143838,0.0,0.0,1,0,0,0.06583729928814153,0.0,0.8660254037844386,0.5000000000000001,-0.7818314824680299,0.6234898018587334,1,0,0,0,0,0,0,1,0
2025-03-31,0.0,0.0,0.017597061237093085,0.03704767760990356,0.05235523051502433,0.052281349462000186,0.0,0.0,1,1,0,-0.017544309650909473,0.0,0.8660254037844386,0.5000000000000001,0.0,1.0,1,0,0,0,0,0,0,1,0
2025-04-01,0.0,0.0,0.012577346828962551,0.017597061237093085,0.05235523051502433,0.05235523051502433,4.1,0.0,1,2,0,-0.04363573136239811,0.0,1.0,6.123233995736766e-17,0.7818314824680298,0.6234898018587336,1,0,0,0,0,0,0,1,0
2025-04-02,0.0,0.0,0.012630687800265392,0.012577346828962551,0.052391632830201304,0.05235523051502433,4.5,4.1,1,0,0,-0.03341765880719961,0.0,1.0,6.123233995736766e-17,0.9749279121818236,-0.22252093395631434,1,0,0,0,0,0,0,1,0
2025-04-03,0.050643732818754936,0.0,0.019141531786060834,0.012630687800265392,0.05370467879737397,0.052391632830201304,4.699999999999999,4.5,0,0,0,0.05064373281875497,0.05064373281875491,1.0,6.123233995736766e-17,0.43388373911755823,-0.900968867902419,1,0,0,0,0,0,0,1,0
2025-04-04,0.018349138668196617,0.050643732818754936,0.019241778472994908,0.019141531786060834,0.05319705741582427,0.05370467879737397,4.699999999999999,4.699999999999999,0,0,0,0.06899287148695159,0.06899287148695152,1.0,6.123233995736766e-17,-0.433883739117558,-0.9009688679024191,1,0,0,0,0,0,0,1,0
2025-04-05,0.0,0.018349138668196617,0.019241778472994908,0.019241778472994908,0.053245200689671104,0.05319705741582427,4.699999999999999,4.699999999999999,0,0,0,0.06899287148695159,0.06899287148695152,1.0,6.123233995736766e-17,-0.9749279121818236,-0.2225209339563146,0,0,0,0,0,0,0,0,0
2025-04-06,0.0,0.0,0.019241778472994908,0.019241778472994908,0.05328455271722329,0.053245200689671104,4.699999999999999,4.699999999999999,0,0,0,0.06899287148695159,0.01834913866819659,1.0,6.123233995736766e-17,-0.7818314824680299,0.6234898018587334,1,0,1,0,0,0,0,0,0
2025-04-07,-0.014242356715543103,0.0,0.021119075191540902,0.019241778472994908,0.04458743037900297,0.05328455271722329,4.699999999999999,4.699999999999999,0,0,0,0.054750514771408486,-0.014242356715543131,1.0,6.123233995736766e-17,0.0,1.0,1,0,1,0,0,0,0,0,0
2025-04-08,-0.04570067925149042,-0.014242356715543103,0.02938586803406899,0.021119075191540902,0.04510596162221518,0.04458743037900297,0.6000000000000001,4.699999999999999,0,0,0,0.009049835519918066,-0.05994303596703355,1.0,6.123233995736766e-17,0.7818314824680298,0.6234898018587336,1,0,1,0,0,0,0,0,0
2025-04-09,-0.02212191708727071,-0.04570067925149042,0.030707879708715195,0.02938586803406899,0.04215117970836853,0.04510596162221518,0.2,0.6000000000000001,0,0,0,-0.013072081567352643,-0.08206495305430425,1.0,6.123233995736766e-17,0.9749279121818236,-0.22252093395631434,1,0,1,0,0,0,0,0,0
2025-04-10,0.0,-0.02212191708727071,0.020564974498672024,0.030707879708715195,0.040605521795943705,0.04215117970836853,0.0,0.2,0,0,0,-0.06371581438610757,-0.06782259633876114,1.0,6.123233995736766e-17,0.43388373911755823,-0.900968867902419,1,0,1,0,0,0,0,0,0
2025-04-11,-0.05870760082677792,0.0,0.023792054000176456,0.020564974498672024,0.036419111334805604,0.040605521795943705,0.0,0.0,0,0,0,-0.14077255388108212,-0.08082951791404866,1.0,6.123233995736766e-17,-0.433883739117558,-0.9009688679024191,1,0,1,0,0,0,0,0,0
2025-04-12,-0.16388785510511666,-0.05870760082677792,0.057484604044048045,0.023792054000176456,0.046853852101415495,0.036419111334805604,0.0,0.0,0,0,1,-0.3046604089861988,-0.22259545593189461,1.0,6.123233995736766e-17,-0.9749279121818236,-0.2225209339563146,1,0,1,0,0,0,0,0,0
2025-04-13,0.0,-0.16388785510511666,0.057484604044048045,0.057484604044048045,0.046853852101415495,0.046853852101415495,0.0,0.0,0,0,0,-0.3046604089861988,-0.22259545593189461,1.0,6.123233995736766e-17,-0.7818314824680299,0.6234898018587334,0,0,0,0,0,0,0,0,0
2025-04-14,0.2528353411216128,0.0,0.12689081424608564,0.057484604044048045,0.06679886233798578,0.046853852101415495,0.0,0.0,0,0,1,-0.03758271114904288,0.08894748601649613,1.0,6.123233995736766e-17,0.0,1.0,0,0,0,0,0,0,0,0,0
2025-04-15,-0.02150620522096362,0.2528353411216128,0.12593504333001113,0.12689081424608564,0.06692115949459147,0.06679886233798578,0.0,0.0,0,0,0,-0.013388237118516059,0.23132913590064916,1.0,6.123233995736766e-17,0.7818314824680298,0.6234898018587336,0,0,0,0,0,0,0,0,0
2025-04-16,0.083381608939051,-0.02150620522096362,0.1293795163662067,0.12593504333001113,0.06863441831507708,0.06692115949459147,0.0,0.0,0,0,0,0.09211528890780565,0.3147107448397002,1.0,6.123233995736766e-17,0.9749279121818236,-0.22252093395631434,0,0,0,0,0,0,0,0,0
2025-04-17,-0.008032171697264267,0.083381608939051,0.12955118082592063,0.1293795163662067,0.06649341369883303,0.06863441831507708,0.0,0.0,0,0,0,0.08408311721054139,0.053843232020823084,1.0,6.123233995736766e-17,0.43388373911755823,-0.900968867902419,0,0,0,0,0,0,0,0,0
2025-04-18,0.008032171697264253,-0.008032171697264267,0.12588310103365874,0.12955118082592063,0.06651239617202698,0.06649341369883303,0.0,0.0,0,0,0,0.15082288973458355,0.08338160893905096,1.0,6.123233995736766e-17,-0.433883739117558,-0.9009688679024191,0,0,0,0,0,0,0,0,0
2025-04-19,-0.024292692569044587,0.008032171697264253,0.10000911331069162,0.12588310103365874,0.06444894183365633,0.06651239617202698,0.0,0.0,0,0,0,0.2904180522706556,-0.02429269256904463,1.0,6.123233995736766e-17,-0.9749279121818236,-0.2225209339563146,0,0,0,0,0,0,0,0,0
2025-04-20,0.0,-0.024292692569044587,0.10000911331069162,0.10000911331069162,0.06338008428901475,0.06444894183365633,0.0,0.0,0,0,0,0.29041805227065565,-0.016260520871780364,1.0,6.123233995736766e-17,-0.7818314824680299,0.6234898018587334,0,0,0,0,0,0,0,0,0
2025-04-21,0.04016604172533465,0.0,0.038479289458519125,0.10000911331069162,0.06369492840442152,0.06338008428901475,0.0,0.0,0,0,0,0.07774875287437744,0.01587334915629004,1.0,6.123233995736766e-17,0.0,1.0,0,0,0,0,0,0,0,0,0
2025-04-22,-0.007905179507113261,0.04016604172533465,0.03686766929535254,0.038479289458519125,0.06373420053996565,0.06369492840442152,0.0,0.0,0,0,0,0.09134977858822779,0.032260862218221366,1.0,6.123233995736766e-17,0.7818314824680298,0.6234898018587336,0,0,0,0,0,0,0,0,0
2025-04-23,0.015748356968139112,-0.007905179507113261,0.020666505180771715,0.03686766929535254,0.062043261024161495,0.06373420053996565,0.0,0.0,0,0,0,0.0237165266173159,0.048009219186360474,1.0,6.123233995736766e-17,0.9749279121818236,-0.22252093395631434,0,0,0,0,0,0,0,0,0
2025-04-24,-0.06453852113757118,0.015748356968139112,0.03314133585742955,0.020666505180771715,0.06307006441248211,0.062043261024161495,0.0,0.0,0,0,0,-0.03278982282299101,-0.05669534367654536,1.0,6.123233995736766e-17,0.43388373911755823,-0.900968867902419,0,0,0,0,0,0,0,0,0
2025-04-25,0.06062462181643484,-0.06453852113757118,0.041429645853180846,0.03314133585742955,0.06400064004235714,0.06307006441248211,0.0,0.0,0,0,0,0.019802627296179577,0.011834457647002743,1.0,6.123233995736766e-17,-0.433883739117558,-0.9009688679024191,0,0,0,0,0,0,0,0,0
2025-04-26,-0.019802627296179754,0.06062462181643484,0.040971978350034056,0.041429645853180846,0.06378742009141565,0.06400064004235714,0.0,0.0,0,0,0,0.02429269256904441,-0.02371652661731612,1.0,6.123233995736766e-17,-0.9749279121818236,-0.2225209339563146,0,0,0,0,0,0,0,0,0
2025-04-27,0.0,-0.019802627296179754,0.040971978350034056,0.040971978350034056,0.06378742009141565,0.06378742009141565,0.0,0.0,0,0,0,0.02429269256904441,0.04082199452025506,1.0,6.123233995736766e-17,-0.7818314824680299,0.6234898018587334,0,0,0,0,0,0,0,0,0
2025-04-28,-0.040821994520255166,0.0,0.040312224789824144,0.040971978350034056,0.06427908296992013,0.06378742009141565,0.0,0.0,0,0,0,-0.05669534367654541,-0.060624621816434944,1.0,6.123233995736766e-17,0.0,1.0,0,0,0,0,0,0,0,0,0
2025-04-29,0.0,-0.040821994520255166,0.04042912919361449,0.040312224789824144,0.06427908296992013,0.06427908296992013,0.0,0.0,0,0,0,-0.048790164169432146,-0.040821994520255186,1.0,6.123233995736766e-17,0.7818314824680298,0.6234898018587336,0,0,0,0,0,0,0,0,0
2025-04-30,0.0,0.0,0.03937874476449696,0.04042912919361449,0.06427908296992013,0.06427908296992013,0.0,0.0,0,0,0,-0.06453852113757125,-0.040821994520255186,1.0,6.123233995736766e-17,0.9749279121818236,-0.22252093395631434,0,0,0,0,0,0,0,0,0
2025-05-01,0.0,0.0,0.030913654089061538,0.03937874476449696,0.06427908296992013,0.06427908296992013,0.0,0.0,0,0,0,-8.326672684688674e-17,0.0,0.8660254037844387,-0.4999999999999998,0.43388373911755823,-0.900968867902419,0,0,0,0,0,0,0,0,0
2025-05-02,-0.04255961441879589,0.0,0.019785946094561933,0.030913654089061538,0.06477590108371407,0.06427908296992013,0.0,0.0,0,0,0,-0.10318423623523082,-0.04255961441879592,0.8660254037844387,-0.4999999999999998,-0.433883739117558,-0.9009688679024191,0,0,0,0,0,0,0,0,0
2025-05-03,0.0425596144187959,-0.04255961441879589,0.029014406246168172,0.019785946094561933,0.06457383371124084,0.06477590108371407,0.0,0.0,0,0,0,-0.04082199452025516,-1.3877787807814457e-17,0.8660254037844387,-0.4999999999999998,-0.9749279121818236,-0.2225209339563146,0,0,0,0,0,0,0,0,0
2025-05-04,0.0,0.0425596144187959,0.029014406246168172,0.029014406246168172,0.06447680949469617,0.06457383371124084,0.0,0.0,0,0,0,-0.04082199452025516,-1.3877787807814457e-17,0.8660254037844387,-0.4999999999999998,-0.7818314824680299,0.6234898018587334,0,0,0,0,0,0,0,0,0
2025-05-05,-0.01680711831638129,0.0,0.025379672344538355,0.029014406246168172,0.06454057646623097,0.06447680949469617,0.0,0.0,0,0,0,-0.016807118316381275,0.025752496102414587,0.8660254037844387,-0.4999999999999998,0.0,1.0,0,0,0,0,0,0,0,0,0
2025-05-06,-0.07020425867324857,-0.01680711831638129,0.03594484244107291,0.025379672344538355,0.06574264404306687,0.06454057646623097,0.6,0.0,0,0,0,-0.08701137698962985,-0.0870113769896299,0.8660254037844387,-0.4999999999999998,0.7818314824680298,0.6234898018587336,0,0,0,0,0,0,0,0,0
2025-05-07,0.0,-0.07020425867324857,0.03594484244107291,0.03594484244107291,0.06571699769073704,0.06574264404306687,0.8,0.6,0,0,0,-0.08701137698962985,-0.0870113769896299,0.8660254037844387,-0.4999999999999998,0.9749279121818236,-0.22252093395631434,0,0,0,0,0,0,0,0,0
2025-05-08,-0.02765153133051001,0.0,0.03587046098593399,0.03594484244107291,0.06539871713667642,0.06571699769073704,9.700000000000001,0.8,0,0,0,-0.11466290832013987,-0.0978557900037586,0.8660254037844387,-0.4999999999999998,0.43388373911755823,-0.900968867902419,0,0,0,0,0,0,0,0,0
2025-05-09,0.0501243871825686,-0.02765153133051001,0.04129263247930029,0.03587046098593399,0.06599206528240041,0.06539871713667642,10.600000000000001,9.700000000000001,0,0,0,-0.02197890671877538,0.022472855852058563,0.8660254037844387,-0.4999999999999998,-0.433883739117558,-0.9009688679024191,1,0,1,0,0,0,0,0,0
2025-05-10,0.022848094083362108,0.0501243871825686,0.038214122880444894,0.04129263247930029,0.06612903717222973,0.06599206528240041,10.8,10.600000000000001,0,0,0,-0.04169042705420917,0.04532094993542067,0.8660254037844387,-0.4999999999999998,-0.9749279121818236,-0.2225209339563146,1,0,1,0,0,0,0,0,0
2025-05-11,0.0,0.022848094083362108,0.038214122880444894,0.038214122880444894,0.06518392667357147,0.06612903717222973,11.3,10.8,0,0,0,-0.04169042705420917,0.07297248126593067,0.8660254037844387,-0.4999999999999998,-0.7818314824680299,0.6234898018587334,1,0,1,0,0,0,0,0,0
2025-05-12,-0.0008691873645868512,0.0,0.037933601247815724,0.038214122880444894,0.05715456440421268,0.06518392667357147,28.5,11.3,0,0,0,-0.02575249610241473,0.02197890671877523,0.8660254037844387,-0.4999999999999998,0.0,1.0,1,0,1,0,0,0,0,0,0
2025-05-13,0.0,-0.0008691873645868512,0.024212849137643714,0.037933601247815724,0.05715456440421268,0.05715456440421268,28.5,28.5,0,0,0,0.044451762570833844,-0.0008691873645868789,0.8660254037844387,-0.4999999999999998,0.7818314824680298,0.6234898018587336,1,0,1,0,0,0,0,0,0
2025-05-14,0.0,0.0,0.024212849137643714,0.024212849137643714,0.03351547665649978,0.05715456440421268,32.1,28.5,0,0,0,0.044451762570833844,-0.0008691873645868789,0.8660254037844387,-0.4999999999999998,0.9749279121818236,-0.22252093395631434,1,0,1,0,0,0,0,0,0
2025-05-15,-0.04445176257083381,0.0,0.028583138030876237,0.024212849137643714,0.034259819807863856,0.03351547665649978,25.1,32.1,0,0,0,0.027651531330510036,-0.04445176257083384,0.8660254037844387,-0.4999999999999998,0.43388373911755823,-0.900968867902419,1,0,1,0,0,0,0,0,0
2025-05-16,0.06169356900533996,-0.04445176257083381,0.03184623079104741,0.028583138030876237,0.03259573465650121,0.034259819807863856,42.0,25.1,0,0,0,0.039220713153281406,0.017241806434506124,0.8660254037844387,-0.4999999999999998,-0.433883739117558,-0.9009688679024191,0,0,0,0,0,0,0,0,0
2025-05-17,0.025317807984289786,0.06169356900533996,0.03208193605091857,0.03184623079104741,0.032956830663914576,0.03259573465650121,42.0,42.0,0,0,0,0.041690427054209084,0.04255961441879591,0.8660254037844387,-0.4999999999999998,-0.9749279121818236,-0.2225209339563146,0,0,0,0,0,0,0,0,0
2025-05-18,0.0,0.025317807984289786,0.03208193605091857,0.03208193605091857,0.03291273906715989,0.032956830663914576,42.3,42.0,0,0,0,0.041690427054209084,0.08701137698962971,0.8660254037844387,-0.4999999999999998,-0.7818314824680299,0.6234898018587334,0,0,0,0,0,0,0,0,0
2025-05-19,-0.04255961441879589,0.0,0.03704584509513491,0.03208193605091857,0.03351507831946472,0.03291273906715989,40.0,42.3,0,0,0,4.85722573273506e-17,-0.01724180643450613,0.8660254037844387,-0.4999999999999998,0.0,1.0,0,0,0,0,0,0,0,0,0
2025-05-20,0.0,-0.04255961441879589,0.03704584509513491,0.03704584509513491,0.03351507831946472,0.03351507831946472,55.8,40.0,0,0,0,4.5536491244391186e-17,-0.04255961441879592,0.8660254037844387,-0.4999999999999998,0.7818314824680298,0.6234898018587336,0,0,0,0,0,0,0,0,0
2025-05-21,0.008658062743114531,0.0,0.03719009953152437,0.03704584509513491,0.0326311650256274,0.03351507831946472,54.4,55.8,0,0,0,0.008658062743114576,-0.03390155167568139,0.8660254037844387,-0.4999999999999998,0.9749279121818236,-0.22252093395631434,0,0,0,0,0,0,0,0,0
2025-05-22,0.012848142477849059,0.008658062743114531,0.03129683714983496,0.03719009953152437,0.03274381594116545,0.0326311650256274,56.8,54.4,0,0,0,0.06595796779179744,0.02150620522096356,0.8660254037844387,-0.4999999999999998,0.43388373911755823,-0.900968867902419,0,0,0,0,0,0,0,0,0
2025-05-23,-0.02150620522096362,0.012848142477849059,0.02277570819834771,0.03129683714983496,0.03274106541729295,0.03274381594116545,39.5,56.8,0,0,0,-0.017241806434506134,-5.551115123125783e-17,0.8660254037844387,-0.4999999999999998,-0.433883739117558,-0.9009688679024191,0,0,0,0,0,0,0,0,0
2025-05-24,0.0425596144187959,-0.02150620522096362,0.02684894547139047,0.02277570819834771,0.03168583787422824,0.03274106541729295,40.699999999999996,39.5,0,0,0,-2.0816681711721685e-17,0.03390155167568132,0.8660254037844387,-0.4999999999999998,-0.9749279121818236,-0.2225209339563146,0,0,0,0,0,0,0,0,0
2025-05-25,0.0,0.0425596144187959,0.02684894547139047,0.02684894547139047,0.029547110874128066,0.03168583787422824,54.099999999999994,40.699999999999996,0,0,0,-1.734723475976807e-17,0.02105340919783226,0.8660254037844387,-0.4999999999999998,-0.7818314824680299,0.6234898018587334,0,0,0,0,0,0,0,0,0
2025-05-26,0.0,0.0,0.01938691288268032,0.02684894547139047,0.029356747842365607,0.029547110874128066,42.3,54.099999999999994,0,0,0,0.04255961441879587,0.04255961441879588,0.8660254037844387,-0.4999999999999998,0.0,1.0,0,0,0,0,0,0,0,0,0
2025-05-27,0.1185235021841071,0.0,0.046286914416892096,0.01938691288268032,0.0366224249531193,0.029356747842365607,26.4,42.3,0,0,1,0.16108311660290298,0.11852350218410707,0.8660254037844387,-0.4999999999999998,0.7818314824680298,0.6234898018587336,0,0,0,0,0,0,0,0,0
2025-05-28,0.017608672140472778,0.1185235021841071,0.04594668758658347,0.046286914416892096,0.035778054767509795,0.0366224249531193,31.700000000000003,26.4,0,0,0,0.17003372600026123,0.13613217432457986,0.8660254037844387,-0.4999999999999998,0.9749279121818236,-0.22252093395631434,0,0,0,0,0,0,0,0,0
2025-05-29,0.018018505502678212,0.017608672140472778,0.04577331771163586,0.04594668758658347,0.035850419442799694,0.035778054767509795,27.9,31.700000000000003,0,0,0,0.17520408902509038,0.15415067982725805,0.8660254037844387,-0.4999999999999998,0.43388373911755823,-0.900968867902419,0,0,0,0,0,0,0,0,0
2025-05-30,0.0,0.018018505502678212,0.04275126639994875,0.04577331771163586,0.035850419442799694,0.035850419442799694,27.4,27.9,0,0,0,0.196710294246054,0.03562717764315096,0.8660254037844387,-0.4999999999999998,-0.433883739117558,-0.9009688679024191,0,0,0,0,0,0,0,0,0
2025-05-31,-0.014388737452099556,0.0,0.044905646303530895,0.04275126639994875,0.036017394330532825,0.035850419442799694,26.0,27.4,0,0,0,0.13976194237515852,0.0036297680505786283,0.8660254037844387,-0.4999999999999998,-0.9749279121818236,-0.2225209339563146,0,0,0,0,0,0,0,0,0
2025-06-01,0.0,-0.014388737452099556,0.0449056463035309,0.044905646303530895,0.034914714995101334,0.036017394330532825,11.9,26.0,0,0,0,0.13976194237515852,-0.014388737452099584,0.49999999999999994,-0.8660254037844387,-0.7818314824680299,0.6234898018587334,0,0,0,0,0,0,0,0,0
2025-06-02,-0.02197890671877523,0.0,0.047241975980129865,0.0449056463035309,0.03457597539103691,0.034914714995101334,9.000000000000002,11.9,0,0,0,0.11778303565638329,-0.03636764417087481,0.49999999999999994,-0.8660254037844387,0.0,1.0,0,0,0,0,0,0,0,0,0
2025-06-03,0.03636764417087479,-0.02197890671877523,0.02027361813668578,0.047241975980129865,0.03506761780751272,0.03457597539103691,8.600000000000001,9.000000000000002,0,0,0,0.035627177643150994,0.014388737452099537,0.49999999999999994,-0.8660254037844387,0.7818314824680298,0.6234898018587336,0,0,0,0,0,0,0,0,0
2025-06-04,0.014184634991956381,0.03636764417087479,0.019960106734028822,0.02027361813668578,0.03485467948134352,0.03506761780751272,2.2,8.600000000000001,0,0,0,0.032203140494634595,0.028573372444055917,0.49999999999999994,-0.8660254037844387,0.9749279121818236,-0.22252093395631434,0,0,0,0,0,0,0,0,0
2025-06-05,0.02159610228888151,0.014184634991956381,0.020401857354189888,0.019960106734028822,0.03181540459334217,0.03485467948134352,2.2,2.2,1,0,0,0.0357807372808379,0.07214838145171265,0.49999999999999994,-0.8660254037844387,0.43388373911755823,-0.900968867902419,0,0,0,0,0,0,0,0,0
2025-06-06,0.016405015889732363,0.02159610228888151,0.020657457466866747,0.020401857354189888,0.031792240132149055,0.03181540459334217,2.4000000000000004,2.2,1,0,0,0.05218575317057026,0.052185753170570226,0.49999999999999994,-0.8660254037844387,-0.433883739117558,-0.9009688679024191,0,0,0,0,0,0,0,0,0
2025-06-07,-0.017094433359300068,0.016405015889732363,0.021153659499836625,0.020657457466866747,0.03141989636006656,0.031792240132149055,3.2,2.4000000000000004,1,0,0,0.04948005726336975,0.02090668481931378,0.49999999999999994,-0.8660254037844387,-0.9749279121818236,-0.2225209339563146,0,0,0,0,0,0,0,0,0
2025-06-08,0.0,-0.017094433359300068,0.021153659499836625,0.021153659499836625,0.030540205581856827,0.03141989636006656,3.6,3.2,1,0,0,0.04948005726336975,-0.0006894174695677366,0.49999999999999994,-0.8660254037844387,-0.7818314824680299,0.6234898018587334,0,0,0,0,0,0,0,0,0
2025-06-09,0.09844007281325251,0.0,0.03678388284391184,0.021153659499836625,0.03461484801728648,0.030540205581856827,3.6000000000000005,3.6,1,0,1,0.16989903679539747,0.08134563945395241,0.49999999999999994,-0.8660254037844387,0.0,1.0,0,0,0,0,0,0,0,0,0
2025-06-10,0.0,0.09844007281325251,0.03735450525742014,0.03678388284391184,0.03461484801728648,0.03461484801728648,3.7,3.6000000000000005,0,0,0,0.13353139262452268,0.09844007281325248,0.49999999999999994,-0.8660254037844387,0.7818314824680298,0.6234898018587336,0,0,0,0,0,0,0,0,0
2025-06-11,0.01242251999855711,0.0,0.037398872171927534,0.03735450525742014,0.034542954969652394,0.03461484801728648,4.0,3.7,0,0,0,0.13176927763112342,0.11086259281180959,0.49999999999999994,-0.8660254037844387,0.9749279121818236,-0.22252093395631434,0,0,0,0,0,0,0,0,0
2025-06-12,-0.012422519998557209,0.01242251999855711,0.039148015932015015,0.037398872171927534,0.03475838523004846,0.034542954969652394,3.7,4.0,0,0,0,0.09775065534368471,-1.2663481374630692e-16,0.49999999999999994,-0.8660254037844387,0.43388373911755823,-0.900968867902419,0,0,0,0,0,0,0,0,0
2025-06-13,0.0,-0.012422519998557209,0.039467293902947724,0.039148015932015015,0.03475838523004846,0.03475838523004846,20.0,3.7,0,0,0,0.08134563945395235,-1.2663481374630692e-16,0.49999999999999994,-0.8660254037844387,-0.433883739117558,-0.9009688679024191,0,0,0,0,0,0,0,0,0
2025-06-14,0.000624804768842178,0.0,0.03785388081274521,0.039467293902947724,0.03321845430311093,0.03475838523004846,44.599999999999994,20.0,0,0,0,0.09906487758209459,-0.011797715229715058,0.49999999999999994,-0.8660254037844387,-0.9749279121818236,-0.2225209339563146,0,0,0,0,0,0,0,0,0
2025-06-15,0.0,0.000624804768842178,0.03785388081274521,0.03785388081274521,0.03195427083763515,0.03321845430311093,48.099999999999994,44.599999999999994,0,0,0,0.09906487758209459,0.0006248047688421503,0.49999999999999994,-0.8660254037844387,-0.7818314824680299,0.6234898018587334,0,0,0,0,0,0,0,0,0
2025-06-16,-0.0006248047688420847,0.0,0.007181211228238309,0.03785388081274521,0.031889122876266295,0.03195427083763515,59.300000000000004,48.099999999999994,0,0,0,-5.5294310796760726e-18,6.559423143537302e-17,0.49999999999999994,-0.8660254037844387,0.0,1.0,0,0,0,0,0,0,0,0,0
2025-06-17,0.01242251999855711,-0.0006248047688420847,0.008579939777066233,0.007181211228238309,0.03184092710404287,0.031889122876266295,60.0,59.300000000000004,0,0,0,0.012422519998557105,0.011797715229714997,0.49999999999999994,-0.8660254037844387,0.7818314824680298,0.6234898018587336,0,0,0,0,0,0,0,0,0
2025-06-18,-0.050643732818754915,0.01242251999855711,0.020444266526861557,0.008579939777066233,0.032331537782301994,0.03184092710404287,63.6,60.0,0,0,0,-0.05064373281875492,-0.03884601758903992,0.49999999999999994,-0.8660254037844387,0.9749279121818236,-0.22252093395631434,0,0,0,0,0,0,0,0,0
2025-06-19,0.03822121282019767,-0.050643732818754915,0.026396807093463592,0.020444266526861557,0.03268585884557559,0.032331537782301994,74.0,63.6,0,0,0,-4.163336342344337e-17,-1.5959455978986625e-16,0.49999999999999994,-0.8660254037844387,0.43388373911755823,-0.900968867902419,0,0,0,0,0,0,0,0,0
2025-06-20,-0.031103745051333797,0.03822121282019767,0.028896324356778563,0.026396807093463592,0.033578408999967196,0.03268585884557559,60.6,74.0,0,0,0,-0.03110374505133384,-0.04352626504989107,0.49999999999999994,-0.8660254037844387,-0.433883739117558,-0.9009688679024191,0,0,0,0,0,0,0,0,0
2025-06-21,0.0185249628444736,-0.031103745051333797,0.03018297095370549,0.028896324356778563,0.03361284072104054,0.033578408999967196,38.800000000000004,60.6,0,0,0,-0.013203586975702418,0.025642430613337448,0.49999999999999994,-0.8660254037844387,-0.9749279121818236,-0.2225209339563146,0,0,0,0,0,0,0,0,0
2025-06-22,0.0,0.0185249628444736,0.03018297095370549,0.03018297095370549,0.033146654745295864,0.03361284072104054,37.599999999999994,38.800000000000004,0,0,0,-0.013203586975702416,-0.012578782206860224,0.49999999999999994,-0.8660254037844387,-0.7818314824680299,0.6234898018587334,0,0,0,0,0,0,0,0,0
2025-06-23,0.012578782206860185,0.0,0.030683358010475226,0.03018297095370549,0.03259690279974806,0.033146654745295864,31.4,37.599999999999994,0,0,0,-1.457167719820518e-16,0.03110374505133376,0.49999999999999994,-0.8660254037844387,0.0,1.0,0,0,0,0,0,0,0,0,0
2025-06-24,0.0313775356922555,0.012578782206860185,0.03273050050198516,0.030683358010475226,0.032781477044896264,0.03259690279974806,38.4,31.4,0,0,0,0.018955015693698243,0.04395631789911566,0.49999999999999994,-0.8660254037844387,0.7818314824680298,0.6234898018587336,0,0,0,0,0,0,0,0,0
2025-06-25,-0.05030554557777432,0.0313775356922555,0.03263874577623862,0.03273050050198516,0.0345814660559352,0.032781477044896264,39.0,38.4,0,0,0,0.01929320293467883,-0.006349227678658663,0.49999999999999994,-0.8660254037844387,0.9749279121818236,-0.22252093395631434,0,0,0,0,0,0,0,0,0
2025-06-26,0.0,-0.05030554557777432,0.028673039784643615,0.03263874577623862,0.02772273619907478,0.0345814660559352,42.5,39.0,0,0,0,-0.018928009885518834,-0.01892800988551885,0.49999999999999994,-0.8660254037844387,0.43388373911755823,-0.900968867902419,0,0,0,0,0,0,0,0,0
2025-06-27,-0.045610511252052295,0.0,0.03145689817986393,0.028673039784643615,0.02910038970918553,0.02772273619907478,47.8,42.5,0,0,0,-0.033434776086237336,-0.09591605682982665,0.49999999999999994,-0.8660254037844387,-0.433883739117558,-0.9009688679024191,0,0,0,0,0,0,0,0,0
2025-06-28,0.03343477608623742,-0.045610511252052295,0.0337209171479349,0.03145689817986393,0.029509798114635374,0.02910038970918553,45.9,47.8,0,0,0,-0.01852496284447351,-0.012175735165814904,0.49999999999999994,-0.8660254037844387,-0.9749279121818236,-0.2225209339563146,1,0,0,0,0,0,0,1,0
2025-06-29,0.0,0.03343477608623742,0.0337209171479349,0.0337209171479349,0.029509798114635374,0.029509798114635374,48.8,45.9,0,0,0,-0.01852496284447351,-0.012175735165814904,0.49999999999999994,-0.8660254037844387,-0.7818314824680299,0.6234898018587334,1,0,0,0,0,0,0,1,0
2025-06-30,-0.0006449532632465692,0.0,0.03309032964138045,0.0337209171479349,0.029330019695687878,0.029509798114635374,45.8,48.8,0,0,0,-0.03174869831458026,0.032789822822990825,0.49999999999999994,-0.8660254037844387,0.0,1.0,1,0,1,0,0,0,0,1,0
2025-07-01,-0.01626052087178029,-0.0006449532632465692,0.029135742657018338,0.03309032964138045,0.029553444589234323,0.029330019695687878,41.0,45.8,0,0,0,-0.07938675487861604,-0.01690547413502689,1.2246467991473532e-16,-1.0,0.7818314824680298,0.6234898018587336,1,0,1,0,0,0,0,1,0
2025-07-02,-0.016529301951210582,-0.01626052087178029,0.023941083672161877,0.029135742657018338,0.029408908887431976,0.029553444589234323,38.400000000000006,41.0,0,0,0,-0.045610511252052316,-0.033434776086237475,1.2246467991473532e-16,-1.0,0.9749279121818236,-0.22252093395631434,1,0,1,0,0,0,0,1,0
2025-07-03,0.0,-0.016529301951210582,0.023941083672161877,0.023941083672161877,0.028750045832314428,0.029408908887431976,27.8,38.400000000000006,0,0,0,-0.045610511252052316,-0.03278982282299091,1.2246467991473532e-16,-1.0,0.43388373911755823,-0.900968867902419,1,0,1,0,0,0,0,1,0
2025-07-04,0.006644542718668511,0.0,0.01680161396604852,0.023941083672161877,0.02867542546656154,0.028750045832314428,22.5,27.8,0,0,0,0.0066445427186684865,-0.0098847592325421,1.2246467991473532e-16,-1.0,-0.433883739117558,-0.9009688679024191,1,0,1,0,0,0,0,1,0
2025-07-05,0.02679023336756875,0.006644542718668511,0.014719062914899904,0.01680161396604852,0.02881287238001903,0.02867542546656154,29.3,22.5,0,0,0,-1.8388068845354155e-16,0.03343477608623723,1.2246467991473532e-16,-1.0,-0.9749279121818236,-0.2225209339563146,1,0,1,0,0,0,0,0,0
2025-07-06,0.0,0.02679023336756875,0.014719062914899904,0.014719062914899904,0.028689816190983423,0.02881287238001903,35.2,29.3,0,0,0,-1.8388068845354155e-16,0.03343477608623723,1.2246467991473532e-16,-1.0,-0.7818314824680299,0.6234898018587334,1,0,1,0,0,0,0,0,0
2025-07-07,-0.03343477608623734,0.0,0.01942411343794656,0.014719062914899904,0.02920885360033767,0.028689816190983423,47.9,35.2,0,0,0,-0.032789822822990956,-0.006644542718668621,1.2246467991473532e-16,-1.0,0.0,1.0,0,0,0,0,0,0,0,0,0
2025-07-08,-0.013423020332140661,-0.03343477608623734,0.019170215676193585,0.01942411343794656,0.02932932256659004,0.02920885360033767,48.7,47.9,0,0,0,-0.029952322283351325,-0.046857796418378034,1.2246467991473532e-16,-1.0,0.7818314824680298,0.6234898018587336,0,0,0,0,0,0,0,0,0
2025-07-09,0.01342302033214077,-0.013423020332140661,0.019322291761244642,0.019170215676193585,0.02297745038633763,0.02932932256659004,51.0,48.7,0,0,0,2.6020852139652106e-17,-0.03343477608623726,1.2246467991473532e-16,-1.0,0.9749279121818236,-0.22252093395631434,0,0,0,0,0,0,0,0,0
2025-07-10,-0.01680711831638129,0.01342302033214077,0.020339742723641453,0.019322291761244642,0.02312759438764557,0.02297745038633763,48.7,51.0,0,0,0,-0.016807118316381264,-0.01680711831638121,1.2246467991473532e-16,-1.0,0.43388373911755823,-0.900968867902419,0,0,0,0,0,0,0,0,0
2025-07-11,0.0502418944026187,-0.01680711831638129,0.028577823690616608,0.020339742723641453,0.024940640726986672,0.02312759438764557,46.2,48.7,0,0,1,0.026790233367568923,0.04685779641837815,1.2246467991473532e-16,-1.0,-0.433883739117558,-0.9009688679024191,0,0,0,0,0,0,0,0,0
2025-07-12,-0.06664691029235101,0.0502418944026187,0.03672472521704391,0.028577823690616608,0.027587583240406315,0.024940640726986672,39.4,46.2,0,0,1,-0.06664691029235084,-0.03321213420611363,1.2246467991473532e-16,-1.0,-0.9749279121818236,-0.2225209339563146,0,0,0,0,0,0,0,0,0
2025-07-13,0.0,-0.06664691029235101,0.03672472521704391,0.03672472521704391,0.027587583240406315,0.027587583240406315,29.299999999999997,39.4,0,0,0,-0.06664691029235084,-0.01640501588973234,1.2246467991473532e-16,-1.0,-0.7818314824680299,0.6234898018587334,0,0,0,0,0,0,0,0,0
2025-07-14,0.0,0.0,0.03524040011281153,0.03672472521704391,0.027584786322284786,0.027587583240406315,25.9,29.299999999999997,0,0,0,-0.0332121342061135,-0.06664691029235104,1.2246467991473532e-16,-1.0,0.0,1.0,0,0,0,0,0,0,0,0,0
2025-07-15,0.006183461818194362,0.0,0.03521483040258073,0.03524040011281153,0.027633192649268425,0.027584786322284786,27.8,25.9,0,0,0,-0.013605652055778473,0.006183461818194335,1.2246467991473532e-16,-1.0,0.7818314824680298,0.6234898018587336,0,0,0,0,0,0,0,0,0
2025-07-16,0.02702867238791942,0.006183461818194362,0.03655434803570334,0.03521483040258073,0.028173622387828213,0.027633192649268425,23.7,27.8,0,0,0,1.734723475976807e-16,0.033212134206113755,1.2246467991473532e-16,-1.0,0.9749279121818236,-0.22252093395631434,0,0,0,0,0,0,0,0,0
2025-07-17,-0.06899287148695143,0.02702867238791942,0.044918089984162454,0.03655434803570334,0.03054295456770839,0.028173622387828213,22.799999999999997,23.7,0,0,1,-0.052185753170569976,-0.03578073728083768,1.2246467991473532e-16,-1.0,0.43388373911755823,-0.900968867902419,0,0,0,0,0,0,0,0,0
2025-07-18,0.0,-0.06899287148695143,0.03757622605265143,0.044918089984162454,0.029299750659210647,0.03054295456770839,22.5,22.799999999999997,0,0,0,-0.10242764757318867,-0.04196419909903204,1.2246467991473532e-16,-1.0,-0.433883739117558,-0.9009688679024191,0,0,0,0,0,0,0,0,0
2025-07-19,-0.03562717764315116,0.0,0.03180580387430205,0.03757622605265143,0.028799665486610733,0.029299750659210647,21.7,22.5,0,0,0,-0.07140791492398882,-0.10462004913010262,1.2246467991473532e-16,-1.0,-0.9749279121818236,-0.2225209339563146,0,0,0,0,0,0,0,0,0
2025-07-20,0.0,-0.03562717764315116,0.03180580387430205,0.03180580387430205,0.028408518946642675,0.028799665486610733,22.700000000000003,21.7,0,0,0,-0.07140791492398882,-0.03562717764315119,1.2246467991473532e-16,-1.0,-0.7818314824680299,0.6234898018587334,0,0,0,0,0,0,0,0,0
2025-07-21,0.05332675474255211,0.0,0.03998986362153445,0.03180580387430205,0.030048681516600843,0.028408518946642675,15.6,22.700000000000003,0,0,0,-0.01808116018143672,0.01769957709940092,1.2246467991473532e-16,-1.0,0.0,1.0,0,0,0,0,0,0,0,0,0
2025-07-22,0.018081160181436958,0.05332675474255211,0.04067159161570375,0.03998986362153445,0.030300374196162612,0.030048681516600843,10.600000000000001,15.6,0,0,0,-0.006183461818194121,0.07140791492398904,1.2246467991473532e-16,-1.0,0.7818314824680298,0.6234898018587336,0,0,0,0,0,0,0,0,0
2025-07-23,-0.035780737280837915,0.018081160181436958,0.04041501795375041,0.04067159161570375,0.030735106768201292,0.030300374196162612,17.8,10.600000000000001,0,0,0,-0.06899287148695146,0.035627177643151126,1.2246467991473532e-16,-1.0,0.9749279121818236,-0.22252093395631434,1,0,1,0,0,0,0,0,0
2025-07-24,0.017699577099400857,-0.035780737280837915,0.03159311508834167,0.04041501795375041,0.030283421811198884,0.030735106768201292,20.7,17.8,0,0,0,0.01769957709940083,-1.249000902703301e-16,1.2246467991473532e-16,-1.0,0.43388373911755823,-0.900968867902419,1,0,1,0,0,0,0,0,0
2025-07-25,-0.05406722127027582,0.017699577099400857,0.03822700587392047,0.03159311508834167,0.03048499425395906,0.030283421811198884,38.099999999999994,20.7,0,0,0,-0.03636764417087499,-0.0721483814517129,1.2246467991473532e-16,-1.0,-0.433883739117558,-0.9009688679024191,1,0,1,0,0,0,0,0,0
2025-07-26,0.0,-0.05406722127027582,0.035794304489648994,0.03822700587392047,0.03048499425395906,0.03048499425395906,48.0,38.099999999999994,0,0,0,-0.000740466527723832,-0.03636764417087499,1.2246467991473532e-16,-1.0,-0.9749279121818236,-0.2225209339563146,1,0,1,0,0,0,0,0,0
2025-07-27,0.0,0.0,0.035794304489648994,0.035794304489648994,0.02951335547210652,0.03048499425395906,60.0,48.0,0,0,0,-0.000740466527723832,-0.05406722127027585,1.2246467991473532e-16,-1.0,-0.7818314824680299,0.6234898018587334,1,0,1,0,0,0,0,0,0
2025-07-28,-0.05715841383994864,0.0,0.03251539954500505,0.035794304489648994,0.030228672080719197,0.02951335547210652,62.4,60.0,0,0,0,-0.11122563511022457,-0.057158413839948664,1.2246467991473532e-16,-1.0,0.0,1.0,1,0,1,0,0,0,0,0,0
2025-07-29,0.020187020919978857,-0.05715841383994864,0.032889671155300296,0.03251539954500505,0.030601472006841855,0.030228672080719197,69.5,62.4,0,0,0,-0.10911977437168269,-0.03697139291996981,1.2246467991473532e-16,-1.0,0.7818314824680298,0.6234898018587336,1,0,1,0,0,0,0,0,0
2025-07-30,0.01449853706791132,0.020187020919978857,0.03323338300091174,0.032889671155300296,0.030814600261486573,0.030601472006841855,63.7,69.5,0,0,0,-0.058840500022933444,-0.022472855852058486,1.2246467991473532e-16,-1.0,0.9749279121818236,-0.22252093395631434,0,0,0,0,0,0,0,0,0
2025-07-31,-0.03077165866675366,0.01449853706791132,0.03191094779930657,0.03323338300091174,0.031104235807186933,0.030814600261486573,63.2,63.7,0,0,0,-0.10731173578908795,0.003913899321136491,1.2246467991473532e-16,-1.0,0.43388373911755823,-0.900968867902419,0,0,0,0,0,0,0,0,0
2025-08-01,0.02316705928153438,-0.03077165866675366,0.029549898726953846,0.03191094779930657,0.031475868640240684,0.031104235807186933,46.9,63.2,0,0,0,-0.03007745523727776,0.006893937682692013,-0.4999999999999997,-0.8660254037844388,-0.433883739117558,-0.9009688679024191,0,0,0,0,0,0,0,0,0
2025-08-02,0.015151805020602246,0.02316705928153438,0.03045807902335834,0.029549898726953846,0.03167176059899877,0.031475868640240684,38.3,46.9,0,0,0,-0.014925650216675513,0.00754720563538294,-0.4999999999999997,-0.8660254037844388,-0.9749279121818236,-0.2225209339563146,0,0,0,0,0,0,0,0,0
2025-08-03,0.0,0.015151805020602246,0.03045807902335834,0.03045807902335834,0.03161787329888664,0.03167176059899877,25.1,38.3,0,0,0,-0.014925650216675513,0.0383188643021366,-0.4999999999999997,-0.8660254037844388,-0.7818314824680299,0.6234898018587334,0,0,0,0,0,0,0,0,0
2025-08-04,-0.0422327636232729,0.0,0.026186874963844625,0.03045807902335834,0.031793523251095974,0.03161787329888664,19.9,25.1,0,0,0,2.220446049250313e-16,-0.027080958602670676,-0.4999999999999997,-0.8660254037844388,0.0,1.0,0,0,0,0,0,0,0,0,0
2025-08-05,-0.00392927813988955,-0.0422327636232729,0.02462841451638592,0.026186874963844625,0.03177377450679259,0.031793523251095974,13.000000000000002,19.9,0,0,0,-0.024116299059868177,-0.04616204176316248,-0.4999999999999997,-0.8660254037844388,0.7818314824680298,0.6234898018587336,0,0,0,0,0,0,0,0,0
2025-08-06,0.04239555896768555,-0.00392927813988955,0.029742146856047865,0.02462841451638592,0.032576654287315744,0.03177377450679259,11.4,13.000000000000002,0,0,0,0.0037807228399060547,-0.003766482795476929,-0.4999999999999997,-0.8660254037844388,0.9749279121818236,-0.22252093395631434,0,0,0,0,0,0,0,0,0
2025-08-07,0.011257154524634468,0.04239555896768555,0.02642490830433702,0.029742146856047865,0.03264557079756559,0.032576654287315744,11.799999999999999,11.4,0,0,0,0.04580953603129418,0.049723435352430435,-0.4999999999999997,-0.8660254037844388,0.43388373911755823,-0.900968867902419,0,0,0,0,0,0,0,0,0
2025-08-08,0.0,0.011257154524634468,0.02542796833880539,0.02642490830433702,0.03249995058272399,0.03264557079756559,11.600000000000001,11.799999999999999,0,0,0,0.022642476749759805,0.05365271349231999,-0.4999999999999997,-0.8660254037844388,-0.433883739117558,-0.9009688679024191,0,0,0,0,0,0,0,0,0
2025-08-09,0.0,0.0,0.024883517840024877,0.02542796833880539,0.03241202742344429,0.03249995058272399,10.6,11.600000000000001,0,0,0,0.007490671729157556,0.01125715452463444,-0.4999999999999997,-0.8660254037844388,-0.9749279121818236,-0.2225209339563146,0,0,0,0,0,0,0,0,0
2025-08-10,0.0,0.0,0.024883517840024877,0.024883517840024877,0.030814096297410856,0.03241202742344429,11.200000000000001,10.6,0,0,0,0.007490671729157556,0.0,-0.4999999999999997,-0.8660254037844388,-0.7818314824680299,0.6234898018587334,0,0,0,0,0,0,0,0,0
2025-08-11,0.00817544501524186,0.0,0.015955599244595036,0.024883517840024877,0.028589593813643597,0.030814096297410856,14.7,11.200000000000001,0,0,0,0.057898880367672316,0.008175445015241832,-0.4999999999999997,-0.8660254037844388,0.0,1.0,0,0,0,0,0,0,0,0,0
2025-08-12,0.12114935108131318,0.00817544501524186,0.044506821789103555,0.015955599244595036,0.03642102586212035,0.028589593813643597,14.399999999999999,14.7,0,0,1,0.18297750958887504,0.129324796096555,-0.4999999999999997,-0.8660254037844388,0.7818314824680298,0.6234898018587336,0,0,0,0,0,0,0,0,0
2025-08-13,0.10922190335434975,0.12114935108131318,0.05459790040915148,0.044506821789103555,0.04137208330451571,0.03642102586212035,17.6,14.399999999999999,0,0,1,0.24980385397553928,0.2385466994509048,-0.4999999999999997,-0.8660254037844388,0.9749279121818236,-0.22252093395631434,0,0,0,0,0,0,0,0,0
2025-08-14,-0.061212684167989174,0.10922190335434975,0.06573677439530379,0.05459790040915148,0.04311548763548724,0.04137208330451571,22.9,17.6,0,0,0,0.17733401528291562,0.16915857026767372,-0.4999999999999997,-0.8660254037844388,0.43388373911755823,-0.900968867902419,0,0,0,0,0,0,0,0,0
2025-08-15,0.0,-0.061212684167989174,0.06573677439530379,0.06573677439530379,0.04287894272891057,0.04311548763548724,33.0,22.9,0,0,0,0.17733401528291562,0.048009219186360565,-0.4999999999999997,-0.8660254037844388,-0.433883739117558,-0.9009688679024191,0,0,0,0,0,0,0,0,0
2025-08-16,-0.015748356968139168,0.0,0.06700552403764116,0.06573677439530379,0.04088837418537779,0.04287894272891057,54.699999999999996,33.0,0,0,0,0.16158565831477645,-0.07696104113612835,-0.4999999999999997,-0.8660254037844388,-0.9749279121818236,-0.2225209339563146,0,0,0,0,0,0,0,0,0
2025-08-17,0.0,-0.015748356968139168,0.06700552403764116,0.06700552403764116,0.04088837418537779,0.04088837418537779,62.0,54.699999999999996,0,0,0,0.16158565831477645,-0.01574835696813918,-0.4999999999999997,-0.8660254037844388,-0.7818314824680299,0.6234898018587334,0,0,0,0,0,0,0,0,0
2025-08-18,0.04652001563489291,0.0,0.06715083178065759,0.06700552403764116,0.04089884752258328,0.04088837418537779,72.39999999999999,62.0,0,0,0,0.1999302289344275,0.030771658666753725,-0.4999999999999997,-0.8660254037844388,0.0,1.0,0,0,0,0,0,0,0,0,0
2025-08-19,-0.006079046076382226,0.04652001563489291,0.05380584664760266,0.06715083178065759,0.04094803467881503,0.04089884752258328,86.69999999999999,72.39999999999999,0,0,0,0.07270183177673209,0.04044096955851067,-0.4999999999999997,-0.8660254037844388,0.7818314824680298,0.6234898018587336,0,0,0,0,0,0,0,0,0
2025-08-20,0.0,-0.006079046076382226,0.03163737057687345,0.05380584664760266,0.039989711699688825,0.04094803467881503,86.8,86.69999999999999,0,0,0,-0.03652007157761766,0.04044096955851067,-0.4999999999999997,-0.8660254037844388,0.9749279121818236,-0.22252093395631434,0,0,0,0,0,0,0,0,0
2025-08-21,0.0,0.0,0.019840924940589075,0.03163737057687345,0.03991702510073551,0.039989711699688825,82.6,86.8,0,0,0,0.02469261259037151,-0.00607904607638224,-0.4999999999999997,-0.8660254037844388,0.43388373911755823,-0.900968867902419,0,0,0,0,0,0,0,0,0
2025-08-22,0.0,0.0,0.019840924940589075,0.019840924940589075,0.039213248700044036,0.03991702510073551,75.39999999999999,82.6,0,0,0,0.02469261259037151,0.0,-0.4999999999999997,-0.8660254037844388,-0.433883739117558,-0.9009688679024191,0,0,0,0,0,0,0,0,0
2025-08-23,0.0,0.0,0.01810813719499369,0.019840924940589075,0.039152958081552273,0.039213248700044036,57.099999999999994,75.39999999999999,0,1,0,0.040440969558510675,0.0,-0.4999999999999997,-0.8660254037844388,-0.9749279121818236,-0.2225209339563146,0,0,0,0,0,0,0,0,0
2025-08-24,0.0,0.0,0.01810813719499369,0.01810813719499369,0.0375676150962284,0.039152958081552273,52.199999999999996,57.099999999999994,0,2,0,0.040440969558510675,0.0,-0.4999999999999997,-0.8660254037844388,-0.7818314824680299,0.6234898018587334,0,0,0,0,0,0,0,0,0
2025-08-25,0.0,0.0,0.002297663446659435,0.01810813719499369,0.0375676150962284,0.0375676150962284,47.8,52.199999999999996,1,0,0,-0.006079046076382226,0.0,-0.4999999999999997,-0.8660254037844388,0.0,1.0,0,0,0,0,0,0,0,0,0
2025-08-26,-0.03343477608623734,0.0,0.012637157523616355,0.002297663446659435,0.03825630835596302,0.0375676150962284,39.89999999999999,47.8,1,0,0,-0.03343477608623734,-0.03343477608623736,-0.4999999999999997,-0.8660254037844388,0.7818314824680298,0.6234898018587336,0,0,0,0,0,0,0,0,0
2025-08-27,0.0,-0.03343477608623734,0.012637157523616355,0.012637157523616355,0.036413678547834984,0.03825630835596302,42.8,39.89999999999999,1,0,0,-0.03343477608623734,-0.03343477608623736,-0.4999999999999997,-0.8660254037844388,0.9749279121818236,-0.22252093395631434,0,0,0,0,0,0,0,0,0
2025-08-28,-0.06899287148695143,0.0,0.027015815909294576,0.012637157523616355,0.038880044474910745,0.036413678547834984,56.099999999999994,42.8,1,0,0,-0.10242764757318878,-0.10242764757318878,-0.4999999999999997,-0.8660254037844388,0.43388373911755823,-0.900968867902419,0,0,0,0,0,0,0,0,0
2025-08-29,0.0,-0.06899287148695143,0.027015815909294576,0.027015815909294576,0.038839049707632925,0.038880044474910745,80.0,56.099999999999994,1,0,0,-0.10242764757318878,-0.06899287148695143,-0.4999999999999997,-0.8660254037844388,-0.433883739117558,-0.9009688679024191,0,0,0,0,0,0,0,0,0
2025-08-30,-0.04380262265839289,0.0,0.028112317375779974,0.027015815909294576,0.03930928855826686,0.038839049707632925,82.8,80.0,0,0,0,-0.14623027023158167,-0.11279549414534432,-0.4999999999999997,-0.8660254037844388,-0.9749279121818236,-0.2225209339563146,0,0,0,0,0,0,0,0,0
2025-08-31,0.0,-0.04380262265839289,0.028112317375779974,0.028112317375779974,0.03913447598248245,0.03930928855826686,79.19999999999999,82.8,0,0,0,-0.14623027023158167,-0.04380262265839289,-0.4999999999999997,-0.8660254037844388,-0.7818314824680299,0.6234898018587334,1,0,0,0,0,0,1,0,0
2025-09-01,0.0,0.0,0.028112317375779974,0.028112317375779974,0.03906480557129491,0.03913447598248245,81.5,79.19999999999999,0,0,0,-0.14623027023158167,-0.04380262265839289,-0.8660254037844384,-0.5000000000000004,0.0,1.0,1,0,0,0,0,0,1,0,0
2025-09-02,0.014815085785140682,0.0,0.03034996250868292,0.028112317375779974,0.03913080437735611,0.03906480557129491,75.5,81.5,0,0,0,-0.09798040836020364,0.014815085785140682,-0.8660254037844384,-0.5000000000000004,0.7818314824680298,0.6234898018587336,1,0,0,0,0,0,1,0,0
2025-09-03,-0.03745756253490044,0.014815085785140682,0.030769979502034552,0.03034996250868292,0.038951435153326816,0.03913080437735611,71.1,75.5,0,0,0,-0.1354379708951041,-0.022642476749759763,-0.8660254037844384,-0.5000000000000004,0.9749279121818236,-0.22252093395631434,1,0,0,0,0,0,1,0,0
2025-09-04,0.011385322225125429,-0.03745756253490044,0.023229895782702566,0.030769979502034552,0.03896106262214822,0.038951435153326816,63.7,71.1,0,0,0,-0.05505977718302722,-0.011257154524634334,-0.8660254037844384,-0.5000000000000004,0.43388373911755823,-0.900968867902419,1,0,0,0,0,0,1,0,0
2025-09-05,0.0,0.011385322225125429,0.023229895782702566,0.023229895782702566,0.03825558249276304,0.03896106262214822,50.6,63.7,0,0,0,-0.05505977718302722,-0.026072240309775015,-0.8660254037844384,-0.5000000000000004,-0.433883739117558,-0.9009688679024191,1,0,0,0,0,0,1,0,0
2025-09-06,-0.03455238150665973,0.0,0.021001034624966053,0.023229895782702566,0.038778234030448916,0.03825558249276304,67.1,50.6,0,0,0,-0.04580953603129406,-0.0231670592815343,-0.8660254037844384,-0.5000000000000004,-0.9749279121818236,-0.2225209339563146,1,0,0,0,0,0,1,0,0
2025-09-07,0.0,-0.03455238150665973,0.021001034624966053,0.021001034624966053,0.038778234030448916,0.038778234030448916,79.3,67.1,0,0,0,-0.04580953603129406,-0.03455238150665973,-0.8660254037844384,-0.5000000000000004,-0.7818314824680299,0.6234898018587334,0,0,0,0,0,0,0,0,0
2025-09-08,-0.003913899321136329,0.0,0.02084931707618925,0.021001034624966053,0.03878597569880565,0.038778234030448916,67.80000000000001,79.3,0,0,0,-0.049723435352430394,-0.03846628082779606,-0.8660254037844384,-0.5000000000000004,0.0,1.0,0,0,0,0,0,0,0,0,0
2025-09-09,0.03468555798789011,-0.003913899321136329,0.02522450515066488,0.02084931707618925,0.039293391377153854,0.03878597569880565,66.7,67.80000000000001,0,0,0,-0.029852963149680972,0.030771658666753778,-0.8660254037844384,-0.5000000000000004,0.7818314824680298,0.6234898018587336,0,0,0,0,0,0,0,0,0
2025-09-10,-0.053688505113505376,0.03468555798789011,0.029214623253538335,0.02522450515066488,0.040527254493642445,0.039293391377153854,63.9,66.7,0,0,0,-0.0460839057282859,-0.0229168464467516,-0.8660254037844384,-0.5000000000000004,0.9749279121818236,-0.22252093395631434,0,0,0,0,0,0,0,0,0
2025-09-11,-0.04162167469081943,-0.053688505113505376,0.030616928079535956,0.029214623253538335,0.034025507702236196,0.040527254493642445,54.3,63.9,0,0,0,-0.09909090264423076,-0.0606246218164347,-0.8660254037844384,-0.5000000000000004,0.43388373911755823,-0.900968867902419,0,0,0,0,0,0,0,0,0
2025-09-12,0.0,-0.04162167469081943,0.030616928079535956,0.030616928079535956,0.02620105224509208,0.034025507702236196,39.4,54.3,0,0,0,-0.09909090264423076,-0.09531017980432481,-0.8660254037844384,-0.5000000000000004,-0.433883739117558,-0.9009688679024191,0,0,0,0,0,0,0,0,0
2025-09-13,-0.20661424936299916,0.0,0.07960241872555256,0.030616928079535956,0.043669986059496055,0.02620105224509208,21.7,39.4,0,0,1,-0.2711527705005702,-0.24823592405381859,-0.8660254037844384,-0.5000000000000004,-0.9749279121818236,-0.2225209339563146,0,0,0,0,0,0,0,0,0
2025-09-14,0.0,-0.20661424936299916,0.07960241872555256,0.07960241872555256,0.043669986059496055,0.043669986059496055,31.1,21.7,0,0,0,-0.2711527705005702,-0.20661424936299916,-0.8660254037844384,-0.5000000000000004,-0.7818314824680299,0.6234898018587334,0,0,0,0,0,0,0,0,0
2025-09-15,0.2633095930395445,0.0,0.1401410548584261,0.07960241872555256,0.06694076363714632,0.043669986059496055,54.099999999999994,31.1,0,0,1,-0.003929278139889358,0.05669534367654533,-0.8660254037844384,-0.5000000000000004,0.0,1.0,0,0,0,0,0,0,0,0,0
2025-09-16,-0.08201315166083513,0.2633095930395445,0.14217573401240804,0.1401410548584261,0.06837551107408966,0.06694076363714632,65.6,54.099999999999994,0,0,0,-0.12062798778861461,0.18129644137870937,-0.8660254037844384,-0.5000000000000004,0.7818314824680298,0.6234898018587336,0,0,0,0,0,0,0,0,0
2025-09-17,0.06613980250454499,-0.08201315166083513,0.14425341867454172,0.14217573401240804,0.06900636034409348,0.06837551107408966,68.3,65.6,0,0,0,-0.0007996801705642542,0.24743624388325436,-0.8660254037844384,-0.5000000000000004,0.9749279121818236,-0.22252093395631434,0,0,0,0,0,0,0,0,0
2025-09-18,-0.06187540371808753,0.06613980250454499,0.145423098274055,0.14425341867454172,0.06971793364018154,0.06900636034409348,95.39999999999999,68.3,0,0,0,-0.02105340919783235,-0.07774875287437767,-0.8660254037844384,-0.5000000000000004,0.43388373911755823,-0.900968867902419,0,0,0,0,0,0,0,0,0
2025-09-19,-0.0659579677917974,-0.06187540371808753,0.14732021298034007,0.145423098274055,0.07045217369756893,0.06971793364018154,105.0,95.39999999999999,0,0,0,-0.08701137698962974,-0.06169356900533994,-0.8660254037844384,-0.5000000000000004,-0.433883739117558,-0.9009688679024191,0,0,0,0,0,0,0,0,0
2025-09-20,0.0,-0.0659579677917974,0.12011663902570043,0.14732021298034007,0.07045217369756893,0.07045217369756893,106.89999999999999,105.0,0,0,0,0.1196028723733694,-0.12783337150988494,-0.8660254037844384,-0.5000000000000004,-0.9749279121818236,-0.2225209339563146,0,0,0,0,0,0,0,0,0
2025-09-21,0.0,0.0,0.12011663902570043,0.12011663902570043,0.07045217369756893,0.07045217369756893,92.19999999999999,106.89999999999999,0,0,0,0.1196028723733694,-0.0659579677917974,-0.8660254037844384,-0.5000000000000004,-0.7818314824680299,0.6234898018587334,0,0,0,0,0,0,0,0,0
2025-09-22,0.0,0.0,0.05216866551403892,0.12011663902570043,0.07045217369756893,0.07045217369756893,73.99999999999999,92.19999999999999,0,0,0,-0.14370672066617507,0.0,-0.8660254037844384,-0.5000000000000004,0.0,1.0,0,0,0,0,0,0,0,0,0
2025-09-23,-0.01834913866819654,0.0,0.044674603739075634,0.05216866551403892,0.07042896089118297,0.07045217369756893,70.8,73.99999999999999,0,0,0,-0.08004270767353648,-0.01834913866819654,-0.8660254037844384,-0.5000000000000004,0.7818314824680298,0.6234898018587336,0,0,0,0,0,0,0,0,0
2025-09-24,0.06280090123903044,-0.01834913866819654,0.043715843700384324,0.044674603739075634,0.07172138250870991,0.07042896089118297,69.39999999999999,70.8,0,0,0,-0.08338160893905104,0.0444517625708339,-0.8660254037844384,-0.5000000000000004,0.9749279121818236,-0.22252093395631434,0,0,0,0,0,0,0,0,0
2025-09-25,0.0,0.06280090123903044,0.03778232338883411,0.043715843700384324,0.0716038843837576,0.07172138250870991,41.8,69.39999999999999,0,0,0,-0.021506205220963498,0.0444517625708339,-0.8660254037844384,-0.5000000000000004,0.43388373911755823,-0.900968867902419,0,0,0,0,0,0,0,0,0
2025-09-26,0.017241806434505954,0.0,0.025930020922324777,0.03778232338883411,0.07174647788289648,0.0716038843837576,43.0,41.8,0,0,0,0.06169356900533986,0.0800427076735364,-0.8660254037844384,-0.5000000000000004,-0.433883739117558,-0.9009688679024191,0,0,0,0,0,0,0,0,0
2025-09-27,-0.03922071315328127,0.017241806434505954,0.03173862336843649,0.025930020922324777,0.07108057746141347,0.07174647788289648,58.8,43.0,0,0,0,0.02247285585205859,-0.02197890671877531,-0.8660254037844384,-0.5000000000000004,-0.9749279121818236,-0.2225209339563146,0,0,0,0,0,0,0,0,0
2025-09-28,0.0,-0.03922071315328127,0.03173862336843649,0.03173862336843649,0.07108057746141347,0.07108057746141347,83.1,58.8,0,0,0,0.02247285585205859,-0.02197890671877531,-0.8660254037844384,-0.5000000000000004,-0.7818314824680299,0.6234898018587334,0,0,0,0,0,0,0,0,0
2025-09-29,-0.02247285585205863,0.0,0.03321951626635445,0.03173862336843649,0.07080891554988258,0.07108057746141347,77.6,83.1,0,0,0,-3.8163916471489756e-17,-0.0616935690053399,-0.8660254037844384,-0.5000000000000004,0.0,1.0,0,0,0,0,0,0,0,0,0
2025-09-30,0.0870113769896297,-0.02247285585205863,0.045221072456125125,0.03321951626635445,0.0728405488774965,0.07080891554988258,70.6,77.6,1,0,0,0.1053605156578262,0.06453852113757107,-0.8660254037844384,-0.5000000000000004,0.7818314824680298,0.6234898018587336,0,0,0,0,0,0,0,0,0
2025-10-01,0.0,0.0870113769896297,0.04010983481600249,0.045221072456125125,0.0728405488774965,0.0728405488774965,69.6,70.6,1,0,0,0.04255961441879576,0.06453852113757107,-1.0,-1.8369701987210297e-16,0.9749279121818236,-0.22252093395631434,0,0,0,0,0,0,0,0,0
2025-10-02,0.0,0.0,0.04010983481600249,0.04010983481600249,0.07276102370353695,0.0728405488774965,71.5,69.6,1,0,0,0.04255961441879576,0.0870113769896297,-1.0,-1.8369701987210297e-16,0.43388373911755823,-0.900968867902419,0,0,0,0,0,0,0,0,0
2025-10-03,0.0,0.0,0.03983863935902246,0.04010983481600249,0.07249103305643206,0.07276102370353695,61.39999999999999,71.5,1,0,0,0.025317807984289804,0.0,-1.0,-1.8369701987210297e-16,-0.433883739117558,-0.9009688679024191,0,0,0,0,0,0,0,0,0
2025-10-04,-0.01680711831638129,0.0,0.03659011400373949,0.03983863935902246,0.07248187976104417,0.07249103305643206,43.99999999999999,61.39999999999999,1,0,0,0.047731402821189775,-0.01680711831638129,-1.0,-1.8369701987210297e-16,-0.9749279121818236,-0.2225209339563146,0,0,0,0,0,0,0,0,0
2025-10-05,0.0,-0.01680711831638129,0.03659011400373949,0.03659011400373949,0.07248187976104417,0.07248187976104417,14.899999999999995,43.99999999999999,0,0,0,0.047731402821189775,-0.01680711831638129,-1.0,-1.8369701987210297e-16,-0.7818314824680299,0.6234898018587334,0,0,0,0,0,0,0,0,0
2025-10-06,-0.024883308737827802,0.0,0.03692156342949062,0.03659011400373949,0.07236210857473133,0.07248187976104417,13.699999999999996,14.899999999999995,0,0,0,0.04532094993542061,-0.04169042705420909,-1.0,-1.8369701987210297e-16,0.0,1.0,0,0,0,0,0,0,0,0,0
2025-10-07,-0.04532094993542075,-0.024883308737827802,0.017673323827446647,0.03692156342949062,0.07275763507610353,0.07236210857473133,14.299999999999995,13.699999999999996,0,0,0,-0.08701137698962984,-0.07020425867324855,-1.0,-1.8369701987210297e-16,0.7818314824680298,0.6234898018587336,0,0,0,0,0,0,0,0,0
2025-10-08,-0.0370412716803491,-0.04532094993542075,0.018838194795280754,0.017673323827446647,0.07299078594981019,0.07275763507610353,14.199999999999996,14.299999999999995,0,0,0,-0.12405264866997893,-0.10724553035359766,-1.0,-1.8369701987210297e-16,0.9749279121818236,-0.22252093395631434,0,0,0,0,0,0,0,0,0
2025-10-09,0.018692133012152546,-0.0370412716803491,0.022698253934446445,0.018838194795280754,0.07274017616281898,0.07299078594981019,12.299999999999995,14.199999999999996,0,0,0,-0.10536051565782639,-0.0636700886036173,-1.0,-1.8369701987210297e-16,0.43388373911755823,-0.900968867902419,0,0,0,0,0,0,0,0,0
2025-10-10,0.0,0.018692133012152546,0.022698253934446445,0.022698253934446445,0.072202438943985,0.07274017616281898,11.599999999999996,12.299999999999995,0,0,0,-0.10536051565782639,-0.018349138668196558,-1.0,-1.8369701987210297e-16,-0.433883739117558,-0.9009688679024191,0,0,0,0,0,0,0,0,0
2025-10-11,0.0,0.0,0.02336084953736706,0.022698253934446445,0.07187160660037868,0.072202438943985,5.099999999999996,11.599999999999996,0,0,0,-0.0885533973414451,0.01869213301215254,-1.0,-1.8369701987210297e-16,-0.9749279121818236,-0.2225209339563146,0,0,0,0,0,0,0,0,0
2025-10-12,0.0,0.0,0.02336084953736706,0.02336084953736706,0.07187160660037868,0.07187160660037868,2.2999999999999963,5.099999999999996,0,0,0,-0.0885533973414451,0.0,-1.0,-1.8369701987210297e-16,-0.7818314824680299,0.6234898018587334,0,0,0,0,0,0,0,0,0
2025-10-13,0.018349138668196617,0.0,0.02522797424866587,0.02336084953736706,0.06083917459037,0.07187160660037868,2.2999999999999963,2.2999999999999963,0,0,0,-0.045320949935420685,0.01834913866819661,-1.0,-1.8369701987210297e-16,0.0,1.0,0,0,0,0,0,0,0,0,0
2025-10-14,-0.0370412716803491,0.018349138668196617,0.023217056837863088,0.02522797424866587,0.06129702132991582,0.06083917459037,0.39999999999999647,2.2999999999999963,0,0,0,-0.03704127168034903,-0.018692133012152487,-1.0,-1.8369701987210297e-16,0.7818314824680298,0.6234898018587336,0,0,0,0,0,0,0,0,0
2025-10-15,-0.00947874395454377,-0.0370412716803491,0.018864224934842463,0.023217056837863088,0.0365500750431629,0.06129702132991582,1.1999999999999964,0.39999999999999647,0,0,0,-0.0094787439545437,-0.028170876966696255,-1.0,-1.8369701987210297e-16,0.9749279121818236,-0.22252093395631434,0,0,0,0,0,0,0,0,0
2025-10-16,0.023530497410194036,-0.00947874395454377,0.019787207283756988,0.018864224934842463,0.034006097346385655,0.0365500750431629,1.5999999999999965,1.1999999999999964,0,0,0,-0.004640379556502212,-0.022989518224698836,-1.0,-1.8369701987210297e-16,0.43388373911755823,-0.900968867902419,1,0,0,0,0,0,1,0,0
2025-10-17,0.0,0.023530497410194036,0.019787207283756988,0.019787207283756988,0.031427168645466755,0.034006097346385655,1.6999999999999964,1.5999999999999965,0,0,0,-0.004640379556502209,0.01405175345565026,-1.0,-1.8369701987210297e-16,-0.433883739117558,-0.9009688679024191,1,0,0,0,0,0,1,0,0
2025-10-18,0.0,0.0,0.019787207283756988,0.019787207283756988,0.029541499147407762,0.031427168645466755,1.7999999999999965,1.6999999999999964,0,0,0,-0.004640379556502209,0.02353049741019403,-1.0,-1.8369701987210297e-16,-0.9749279121818236,-0.2225209339563146,1,0,0,0,0,0,1,0,0
2025-10-19,0.0,0.0,0.019787207283756988,0.019787207283756988,0.027040171932819726,0.029541499147407762,2.6999999999999966,1.7999999999999965,1,0,0,-0.004640379556502209,0.0,-1.0,-1.8369701987210297e-16,-0.7818314824680299,0.6234898018587334,1,0,0,0,0,0,1,0,0
2025-10-20,0.0,0.0,0.017981861875212345,0.019787207283756988,0.027040171932819726,0.027040171932819726,3.6999999999999966,2.6999999999999966,1,1,0,-0.022989518224698826,0.0,-1.0,-1.8369701987210297e-16,0.0,1.0,1,0,0,0,0,0,1,0,0
2025-10-21,0.0,0.0,0.01012689076068361,0.017981861875212345,0.027040171932819726,0.027040171932819726,4.399999999999997,3.6999999999999966,1,2,0,0.014051753455650271,0.0,-1.0,-1.8369701987210297e-16,0.7818314824680298,0.6234898018587336,1,0,0,0,0,0,1,0,0
2025-10-22,0.0,0.0,0.008893692053289166,0.01012689076068361,0.027040171932819726,0.027040171932819726,6.4999999999999964,4.399999999999997,1,3,0,0.023530497410194043,0.0,-1.0,-1.8369701987210297e-16,0.9749279121818236,-0.22252093395631434,1,0,0,0,0,0,1,0,0
2025-10-23,0.0,0.0,0.0,0.008893692053289166,0.026835491585780837,0.027040171932819726,9.799999999999997,6.4999999999999964,1,4,0,0.0,0.0,-1.0,-1.8369701987210297e-16,0.43388373911755823,-0.900968867902419,0,0,0,0,0,0,0,0,0
2025-10-24,0.0,0.0,0.0,0.0,0.024061213850386332,0.026835491585780837,21.099999999999998,9.799999999999997,0,0,0,0.0,0.0,-1.0,-1.8369701987210297e-16,-0.433883739117558,-0.9009688679024191,0,0,0,0,0,0,0,0,0
2025-10-25,0.0,0.0,0.0,0.0,0.024061213850386332,0.024061213850386332,34.199999999999996,21.099999999999998,0,0,0,0.0,0.0,-1.0,-1.8369701987210297e-16,-0.9749279121818236,-0.2225209339563146,0,0,0,0,0,0,0,0,0
2025-10-26,0.0,0.0,0.0,0.0,0.023783947421824617,0.024061213850386332,65.6,34.199999999999996,0,0,0,0.0,0.0,-1.0,-1.8369701987210297e-16,-0.7818314824680299,0.6234898018587334,1,0,0,0,0,0,1,0,0
2025-10-27,0.15154989812720088,0.0,0.05728047738024959,0.0,0.03605436724524473,0.023783947421824617,86.6,65.6,0,0,1,0.15154989812720088,0.15154989812720088,-1.0,-1.8369701987210297e-16,0.0,1.0,1,0,0,0,0,0,1,0,0
2025-10-28,0.053244514518812285,0.15154989812720088,0.05746131166146188,0.05728047738024959,0.037167612737105955,0.03605436724524473,86.89999999999999,86.6,0,0,0,0.20479441264601317,0.20479441264601317,-1.0,-1.8369701987210297e-16,0.7818314824680298,0.6234898018587336,1,0,0,0,0,0,1,0,0
2025-10-29,0.037081674904531785,0.053244514518812285,0.05600547639214822,0.05746131166146188,0.03722286652001872,0.037167612737105955,92.39999999999999,86.89999999999999,0,0,0,0.24187608755054496,0.24187608755054496,-1.0,-1.8369701987210297e-16,0.9749279121818236,-0.22252093395631434,1,0,0,0,0,0,1,0,0
2025-10-30,0.10106866357628529,0.037081674904531785,0.05858140955547643,0.05600547639214822,0.03833288405802493,0.03722286652001872,92.39999999999999,92.39999999999999,0,0,1,0.3429447511268302,0.19139485299962936,-1.0,-1.8369701987210297e-16,0.43388373911755823,-0.900968867902419,1,0,0,0,0,0,1,0,0
2025-10-31,0.09823843958341326,0.10106866357628529,0.05662299224947481,0.05858140955547643,0.04169527603124875,0.03833288405802493,82.7,92.39999999999999,0,0,1,0.4411831907102435,0.2363887780642303,-1.0,-1.8369701987210297e-16,-0.433883739117558,-0.9009688679024191,1,0,0,0,0,0,1,0,0
2025-11-01,-0.09823843958341322,0.09823843958341326,0.08153963381551192,0.05662299224947481,0.046205863200703384,0.04169527603124875,75.9,82.7,0,0,1,0.34294475112683026,0.10106866357628531,-0.8660254037844386,0.5000000000000001,-0.9749279121818236,-0.2225209339563146,1,0,0,0,0,0,1,0,0
2025-11-02,0.0,-0.09823843958341322,0.08153963381551192,0.08153963381551192,0.046205863200703384,0.046205863200703384,45.300000000000004,75.9,0,0,0,0.34294475112683026,4.163336342344337e-17,-0.8660254037844386,0.5000000000000001,-0.7818314824680299,0.6234898018587334,1,0,0,0,0,0,1,0,0
2025-11-03,0.03174869831458027,0.0,0.06784931035630665,0.08153963381551192,0.046165867296394526,0.046205863200703384,23.5,45.300000000000004,0,0,0,0.22314355131420965,-0.06648974126883295,-0.8660254037844386,0.5000000000000001,0.0,1.0,1,0,0,0,0,0,1,0,0
2025-11-04,0.0,0.03174869831458027,0.06803898181844607,0.06784931035630665,0.046165867296394526,0.046165867296394526,22.700000000000003,23.5,0,0,0,0.16989903679539736,0.03174869831458027,-0.8660254037844386,0.5000000000000001,0.7818314824680298,0.6234898018587336,1,0,0,0,0,0,1,0,0
2025-11-05,0.07522342123758753,0.0,0.07071068327909524,0.06803898181844607,0.04720973129856153,0.046165867296394526,13.9,22.700000000000003,0,0,0,0.20804078312845312,0.1069721195521678,-0.8660254037844386,0.5000000000000001,0.9749279121818236,-0.22252093395631434,1,0,0,0,0,0,1,0,0
2025-11-06,0.0,0.07522342123758753,0.0636833387111941,0.07071068327909524,0.04599796249303121,0.04720973129856153,10.2,13.9,0,0,0,0.10697211955216784,0.07522342123758753,-0.8660254037844386,0.5000000000000001,0.43388373911755823,-0.900968867902419,0,0,0,0,0,0,0,0,0
2025-11-07,0.0,0.0,0.05213194353620238,0.0636833387111941,0.0450618390864892,0.04599796249303121,8.5,10.2,0,0,0,0.008733679968754585,0.07522342123758753,-0.8660254037844386,0.5000000000000001,-0.433883739117558,-0.9009688679024191,0,0,0,0,0,0,0,0,0
2025-11-08,-0.014010737069598333,0.0,0.030627596982626404,0.05213194353620238,0.045375561913224394,0.0450618390864892,2.1,8.5,0,0,0,0.09296138248256947,-0.014010737069598333,-0.8660254037844386,0.5000000000000001,-0.9749279121818236,-0.2225209339563146,0,0,0,0,0,0,0,0,0
2025-11-09,0.0,-0.014010737069598333,0.030627596982626404,0.030627596982626404,0.045375561913224394,0.045375561913224394,0.4,2.1,0,0,0,0.09296138248256947,-0.014010737069598333,-0.8660254037844386,0.5000000000000001,-0.7818314824680299,0.6234898018587334,0,0,0,0,0,0,0,0,0
2025-11-10,-0.030441025501235522,0.0,0.03328225047096699,0.030627596982626404,0.04604356479161202,0.045375561913224394,0.2,0.4,0,0,0,0.030771658666753677,-0.04445176257083386,-0.8660254037844386,0.5000000000000001,0.0,1.0,0,0,0,0,0,0,0,0,0
2025-11-11,0.0,-0.030441025501235522,0.03328225047096699,0.03328225047096699,0.04604356479161202,0.04604356479161202,0.0,0.2,0,0,0,0.030771658666753677,-0.030441025501235522,-0.8660254037844386,0.5000000000000001,0.7818314824680298,0.6234898018587336,0,0,0,0,0,0,0,0,0
2025-11-12,-0.0953101798043249,0.0,0.03515798005718314,0.03328225047096699,0.0501151002995838,0.04604356479161202,0.0,0.0,0,0,0,-0.13976194237515877,-0.12575120530556042,-0.8660254037844386,0.5000000000000001,0.9749279121818236,-0.22252093395631434,0,0,0,0,0,0,0,0,0
2025-11-13,0.016529301951210506,-0.0953101798043249,0.037217235901762735,0.03515798005718314,0.04934540557287724,0.0501151002995838,0.0,0.0,0,0,0,-0.12323264042394824,-0.07878087785311438,-0.8660254037844386,0.5000000000000001,0.43388373911755823,-0.900968867902419,0,0,0,0,0,0,0,0,0
2025-11-14,-0.016529301951210582,0.016529301951210506,0.036430154671179354,0.037217235901762735,0.049464712359284964,0.04934540557287724,0.0,0.0,0,0,0,-0.13976194237515882,-0.09531017980432496,-0.8660254037844386,0.5000000000000001,-0.433883739117558,-0.9009688679024191,0,0,0,0,0,0,0,0,0
2025-11-15,0.0,-0.016529301951210582,0.03718886441799999,0.036430154671179354,0.04944773873444192,0.049464712359284964,0.0,0.0,0,0,0,-0.1257512053055605,-7.632783294297951e-17,-0.8660254037844386,0.5000000000000001,-0.9749279121818236,-0.2225209339563146,0,0,0,0,0,0,0,0,0
2025-11-16,0.0,0.0,0.03718886441799999,0.03718886441799999,0.04944773873444192,0.04944773873444192,0.0,0.0,0,0,0,-0.1257512053055605,-0.016529301951210582,-0.8660254037844386,0.5000000000000001,-0.7818314824680299,0.6234898018587334,0,0,0,0,0,0,0,0,0
2025-11-17,-0.05129329438755058,0.0,0.03913885471747533,0.03718886441799999,0.05068876645469012,0.04944773873444192,0.0,0.0,0,0,0,-0.14660347419187555,-0.05129329438755058,-0.8660254037844386,0.5000000000000001,0.0,1.0,0,0,0,0,0,0,0,0,0
2025-11-18,0.0,-0.05129329438755058,0.03913885471747533,0.03913885471747533,0.05068876645469012,0.05068876645469012,0.0,0.0,0,0,0,-0.14660347419187555,-0.05129329438755058,-0.8660254037844386,0.5000000000000001,0.7818314824680298,0.6234898018587336,0,0,0,0,0,0,0,0,0
2025-11-19,0.01773651085870773,0.0,0.023562527184322547,0.03913885471747533,0.05068808986624971,0.05068876645469012,0.0,0.0,0,0,0,-0.03355678352884292,-0.03355678352884285,-0.8660254037844386,0.5000000000000001,0.9749279121818236,-0.22252093395631434,0,0,0,0,0,0,0,0,0
2025-11-20,-0.0714334303287885,0.01773651085870773,0.03217651387058757,0.023562527184322547,0.052771158070045544,0.05068808986624971,0.0,0.0,0,0,0,-0.12151951580884193,-0.053696919470080776,-0.8660254037844386,0.5000000000000001,0.43388373911755823,-0.900968867902419,1,0,0,0,0,0,1,0,0
2025-11-21,-0.07653166276575914,-0.0714334303287885,0.03915406747486806,0.03217651387058757,0.0549192795133052,0.052771158070045544,0.0,0.0,0,0,0,-0.18152187662339048,-0.1302285822358399,-0.8660254037844386,0.5000000000000001,-0.433883739117558,-0.9009688679024191,1,0,0,0,0,0,1,0,0
2025-11-22,-0.09511035964180561,-0.07653166276575914,0.044757117849157924,0.03915406747486806,0.057842759753217975,0.0549192795133052,0.0,0.0,0,0,0,-0.2766322362651961,-0.24307545273635325,-0.8660254037844386,0.5000000000000001,-0.9749279121818236,-0.2225209339563146,1,0,0,0,0,0,1,0,0
2025-11-23,0.0,-0.09511035964180561,0.044757117849157924,0.044757117849157924,0.057842759753217975,0.057842759753217975,0.0,0.0,0,0,0,-0.2766322362651961,-0.17164202240756476,-0.8660254037844386,0.5000000000000001,-0.7818314824680299,0.6234898018587334,1,0,0,0,0,0,1,0,0
2025-11-24,0.33175153548627545,0.0,0.1464933520289155,0.044757117849157924,0.08359937147867885,0.057842759753217975,0.0,0.0,0,0,1,0.10641259360862992,0.23664117584446984,-0.8660254037844386,0.5000000000000001,0.0,1.0,1,0,0,0,0,0,1,0,0
2025-11-25,0.0,0.33175153548627545,0.1464933520289155,0.1464933520289155,0.08359937147867885,0.08359937147867885,0.0,0.0,0,0,0,0.10641259360862992,0.33175153548627545,-0.8660254037844386,0.5000000000000001,0.7818314824680298,0.6234898018587336,1,0,0,0,0,0,1,0,0
2025-11-26,0.03411183450686312,0.0,0.1466712142230743,0.1464933520289155,0.07949693581317381,0.08359937147867885,0.0,0.0,0,0,0,0.12278791725678531,0.36586336999313857,-0.8660254037844386,0.5000000000000001,0.9749279121818236,-0.22252093395631434,1,0,0,0,0,0,1,0,0
2025-11-27,-0.030962225603966925,0.03411183450686312,0.14333921606961092,0.1466712142230743,0.07934032796116364,0.07949693581317381,0.0,0.0,0,0,0,0.16325912198160686,0.003149608902896197,-0.8660254037844386,0.5000000000000001,0.43388373911755823,-0.900968867902419,0,0,0,0,0,0,0,0,0
2025-11-28,-0.10921138686155056,-0.030962225603966925,0.14760228731972605,0.14333921606961092,0.08178742124803533,0.07934032796116364,0.0,0.0,0,0,0,0.13057939788581546,-0.10606177795865436,-0.8660254037844386,0.5000000000000001,-0.433883739117558,-0.9009688679024191,0,0,0,0,0,0,0,0,0
2025-11-29,0.0,-0.10921138686155056,0.1395420680932916,0.14760228731972605,0.07955647012809923,0.08178742124803533,0.0,0.0,0,0,0,0.22568975752762108,-0.1401736124655175,-0.8660254037844386,0.5000000000000001,-0.9749279121818236,-0.2225209339563146,0,0,0,0,0,0,0,0,0
2025-11-30,0.0,0.0,0.1395420680932916,0.1395420680932916,0.07724275664051271,0.07955647012809923,0.0,0.0,0,0,0,0.22568975752762108,-0.10921138686155056,-0.8660254037844386,0.5000000000000001,-0.7818314824680299,0.6234898018587334,0,0,0,0,0,0,0,0,0
2025-12-01,0.38741471535878774,0.0,0.1595990125706427,0.1395420680932916,0.10363994518271756,0.07724275664051271,0.0,0.0,0,0,1,0.28135293740013334,0.38741471535878774,-0.5000000000000004,0.8660254037844384,0.0,1.0,0,0,0,0,0,0,0,0,0
2025-12-02,-0.1267517056391439,0.38741471535878774,0.17165423308186034,0.1595990125706427,0.10660797044903564,0.10363994518271756,0.0,0.0,0,0,0,0.1546012317609895,0.26066300971964385,-0.5000000000000004,0.8660254037844384,0.7818314824680298,0.6234898018587336,0,0,0,0,0,0,0,0,0
2025-12-03,0.1326864411589584,-0.1267517056391439,0.17677234737627662,0.17165423308186034,0.10901755948484573,0.10660797044903564,0.0,0.0,0,0,0,0.2531758384130848,0.39334945087860224,-0.5000000000000004,0.8660254037844384,0.9749279121818236,-0.22252093395631434,0,0,0,0,0,0,0,0,0
2025-12-04,0.0,0.1326864411589584,0.17519298116668455,0.17677234737627662,0.10901755948484573,0.10901755948484573,0.0,0.0,0,0,0,0.2841380640170517,0.0059347355198144935,-0.5000000000000004,0.8660254037844384,0.43388373911755823,-0.900968867902419,0,0,0,0,0,0,0,0,0
2025-12-05,-0.08004270767353637,0.0,0.17134062896332172,0.17519298116668455,0.10946278591532267,0.10901755948484573,0.0,0.0,0,0,0,0.31330674320506585,0.05264373348542202,-0.5000000000000004,0.8660254037844384,-0.433883739117558,-0.9009688679024191,0,0,0,0,0,0,0,0,0
2025-12-06,-0.05264373348542203,-0.08004270767353637,0.17475391657424555,0.17134062896332172,0.10995143290855222,0.10946278591532267,0.0,0.0,0,0,0,0.26066300971964385,-0.1326864411589584,-0.5000000000000004,0.8660254037844384,-0.9749279121818236,-0.2225209339563146,0,0,0,0,0,0,0,0,0
2025-12-07,0.0,-0.05264373348542203,0.17475391657424555,0.17475391657424555,0.10995143290855222,0.10995143290855222,0.0,0.0,0,0,0,0.26066300971964385,-0.1326864411589584,-0.5000000000000004,0.8660254037844384,-0.7818314824680299,0.6234898018587334,0,0,0,0,0,0,0,0,0
2025-12-08,0.013689651449571492,0.0,0.0828765587712505,0.17475391657424555,0.10992576603417437,0.10995143290855222,0.0,0.0,0,0,0,-0.11306205418957241,-0.03895408203585053,-0.5000000000000004,0.8660254037844384,0.0,1.0,0,0,0,0,0,0,0,0,0
2025-12-09,0.0,0.013689651449571492,0.0670130877590057,0.0828765587712505,0.10992576603417437,0.10992576603417437,0.0,0.0,0,0,0,0.013689651449571485,0.013689651449571492,-0.5000000000000004,0.8660254037844384,0.7818314824680298,0.6234898018587336,0,0,0,0,0,0,0,0,0
2025-12-10,0.0,0.0,0.03498264672713865,0.0670130877590057,0.109744344484803,0.10992576603417437,0.0,0.0,0,0,0,-0.1189967897093869,0.013689651449571492,-0.5000000000000004,0.8660254037844384,0.9749279121818236,-0.22252093395631434,0,0,0,0,0,0,0,0,0
2025-12-11,0.0,0.0,0.03498264672713865,0.03498264672713865,0.109744344484803,0.109744344484803,0.0,0.0,0,0,0,-0.1189967897093869,0.0,-0.5000000000000004,0.8660254037844384,0.43388373911755823,-0.900968867902419,0,0,0,0,0,0,0,0,0
2025-12-12,0.0,0.0,0.02137753834407955,0.03498264672713865,0.10812987607606671,0.109744344484803,0.0,0.0,0,1,0,-0.03895408203585053,0.0,-0.5000000000000004,0.8660254037844384,-0.433883739117558,-0.9009688679024191,0,0,0,0,0,0,0,0,0
2025-12-13,0.0,0.0,0.005174201895818055,0.02137753834407955,0.1081241137810319,0.10812987607606671,0.0,0.0,0,0,0,0.013689651449571495,0.0,-0.5000000000000004,0.8660254037844384,-0.9749279121818236,-0.2225209339563146,0,0,0,0,0,0,0,0,0
2025-12-14,0.0,0.0,0.005174201895818055,0.005174201895818055,0.10804271142350685,0.1081241137810319,0.0,0.0,0,0,0,0.013689651449571495,0.0,-0.5000000000000004,0.8660254037844384,-0.7818314824680299,0.6234898018587334,0,0,0,0,0,0,0,0,0
2025-12-15,0.0,0.0,0.0,0.005174201895818055,0.10804271142350685,0.10804271142350685,0.0,0.0,0,0,0,0.0,0.0,-0.5000000000000004,0.8660254037844384,0.0,1.0,0,0,0,0,0,0,0,0,0
2025-12-16,0.0,0.0,0.0,0.0,0.10804271142350685,0.10804271142350685,0.0,0.0,0,0,0,0.0,0.0,-0.5000000000000004,0.8660254037844384,0.7818314824680298,0.6234898018587336,0,0,0,0,0,0,0,0,0
2025-12-17,0.0,0.0,0.0,0.0,0.10748551340925405,0.10804271142350685,0.0,0.0,0,1,0,0.0,0.0,-0.5000000000000004,0.8660254037844384,0.9749279121818236,-0.22252093395631434,0,0,0,0,0,0,0,0,0
2025-12-18,0.0,0.0,0.0,0.0,0.10748551340925405,0.10748551340925405,0.0,0.0,0,2,0,0.0,0.0,-0.5000000000000004,0.8660254037844384,0.43388373911755823,-0.900968867902419,0,0,0,0,0,0,0,0,0
2025-12-19,0.0,0.0,0.0,0.0,0.10748547311543583,0.10748551340925405,0.0,0.0,0,3,0,0.0,0.0,-0.5000000000000004,0.8660254037844384,-0.433883739117558,-0.9009688679024191,0,0,0,0,0,0,0,0,0
2025-12-20,0.0,0.0,0.0,0.0,0.10643828054617341,0.10748547311543583,0.0,0.0,0,4,0,0.0,0.0,-0.5000000000000004,0.8660254037844384,-0.9749279121818236,-0.2225209339563146,0,0,0,0,0,0,0,0,0
2025-12-21,0.0,0.0,0.0,0.0,0.10517903492723972,0.10643828054617341,0.0,0.0,0,5,0,0.0,0.0,-0.5000000000000004,0.8660254037844384,-0.7818314824680299,0.6234898018587334,0,0,0,0,0,0,0,0,0
2025-12-22,0.0,0.0,0.0,0.0,0.10320738916105883,0.10517903492723972,0.0,0.0,0,6,0,0.0,0.0,-0.5000000000000004,0.8660254037844384,0.0,1.0,0,0,0,0,0,0,0,0,0
2025-12-23,0.0,0.0,0.0,0.0,0.10320738916105883,0.10320738916105883,0.0,0.0,0,7,0,0.0,0.0,-0.5000000000000004,0.8660254037844384,0.7818314824680298,0.6234898018587336,0,0,0,0,0,0,0,0,0
2025-12-24,0.0,0.0,0.0,0.0,0.08432956602762172,0.10320738916105883,0.0,0.0,0,8,0,0.0,0.0,-0.5000000000000004,0.8660254037844384,0.9749279121818236,-0.22252093395631434,0,0,0,0,0,0,0,0,0
2025-12-25,0.0,0.0,0.0,0.0,0.08432956602762172,0.08432956602762172,0.0,0.0,0,9,0,0.0,0.0,-0.5000000000000004,0.8660254037844384,0.43388373911755823,-0.900968867902419,0,0,0,0,0,0,0,0,0
2025-12-26,0.0,0.0,0.0,0.0,0.08416181152195838,0.08432956602762172,0.0,0.0,0,10,0,0.0,0.0,-0.5000000000000004,0.8660254037844384,-0.433883739117558,-0.9009688679024191,0,0,0,0,0,0,0,0,0
2025-12-27,0.0,0.0,0.0,0.0,0.08390173333620222,0.08416181152195838,0.0,0.0,0,10,0,0.0,0.0,-0.5000000000000004,0.8660254037844384,-0.9749279121818236,-0.2225209339563146,0,0,0,0,0,0,0,0,0
2025-12-28,0.0,0.0,0.0,0.0,0.08107435350411109,0.08390173333620222,0.0,0.0,0,10,0,0.0,0.0,-0.5000000000000004,0.8660254037844384,-0.7818314824680299,0.6234898018587334,0,0,0,0,0,0,0,0,0
2025-12-29,0.0,0.0,0.0,0.0,0.08107435350411109,0.08107435350411109,0.0,0.0,0,10,0,0.0,0.0,-0.5000000000000004,0.8660254037844384,0.0,1.0,0,0,0,0,0,0,0,0,0
2025-12-30,0.0,0.0,0.0,0.0,0.08107435350411109,0.08107435350411109,0.0,0.0,0,10,0,0.0,0.0,-0.5000000000000004,0.8660254037844384,0.7818314824680298,0.6234898018587336,0,0,0,0,0,0,0,0,0
2025-12-31,0.0,0.0,0.0,0.0,0.038332119374768006,0.08107435350411109,0.0,0.0,0,10,0,0.0,0.0,-0.5000000000000004,0.8660254037844384,0.9749279121818236,-0.22252093395631434,0,0,0,0,0,0,0,0,0
